Pollutant,Tertile,Source,Value,Time,Season
BC,Low,Commercial Cooking,0.471826319,2024,Fall
BC,Low,Industrial Areas,0.43371597,2024,Fall
BC,Low,Traffic Density,0.436338767,2024,Fall
BC,Medium,Commercial Cooking,0.503946279,2024,Fall
BC,Medium,Industrial Areas,0.454655693,2024,Fall
BC,Medium,Traffic Density,0.474908272,2024,Fall
BC,High,Commercial Cooking,0.545364659,2024,Fall
BC,High,Industrial Areas,0.640449275,2024,Fall
BC,High,Traffic Density,0.60828422,2024,Fall
BC,Low,Commercial Cooking,0.672812719,2024,Summer
BC,Low,Industrial Areas,0.578508996,2024,Summer
BC,Low,Traffic Density,0.551096876,2024,Summer
BC,Medium,Commercial Cooking,0.629831192,2024,Summer
BC,Medium,Industrial Areas,0.64609782,2024,Summer
BC,Medium,Traffic Density,0.67344906,2024,Summer
BC,High,Commercial Cooking,0.809344663,2024,Summer
BC,High,Industrial Areas,0.902343099,2024,Summer
BC,High,Traffic Density,0.889591715,2024,Summer
BC,Low,Commercial Cooking,0.557279876,2024,Spring
BC,Low,Industrial Areas,0.4935613,2024,Spring
BC,Low,Traffic Density,0.464079318,2024,Spring
BC,Medium,Commercial Cooking,0.511353153,2024,Spring
BC,Medium,Industrial Areas,0.537326604,2024,Spring
BC,Medium,Traffic Density,0.561875771,2024,Spring
BC,High,Commercial Cooking,0.710307087,2024,Spring
BC,High,Industrial Areas,0.761560229,2024,Spring
BC,High,Traffic Density,0.755281364,2024,Spring
BC,Low,Commercial Cooking,0.595318455,2024,Winter
BC,Low,Industrial Areas,0.576368689,2024,Winter
BC,Low,Traffic Density,0.536948803,2024,Winter
BC,Medium,Commercial Cooking,0.524594422,2024,Winter
BC,Medium,Industrial Areas,0.51196273,2024,Winter
BC,Medium,Traffic Density,0.508895317,2024,Winter
BC,High,Commercial Cooking,0.666194401,2024,Winter
BC,High,Industrial Areas,0.711277815,2024,Winter
BC,High,Traffic Density,0.743799359,2024,Winter
NO,Low,Boiler Density,11.33853788,2024,Fall
NO,Low,Traffic NOx Emissions,12.14269417,2024,Fall
NO,Medium,Boiler Density,14.03284783,2024,Fall
NO,Medium,Traffic NOx Emissions,9.827406679,2024,Fall
NO,High,Boiler Density,15.33842142,2024,Fall
NO,High,Traffic NOx Emissions,18.85547067,2024,Fall
NO,Low,Boiler Density,7.119698823,2024,Summer
NO,Low,Traffic NOx Emissions,7.887455771,2024,Summer
NO,Medium,Boiler Density,8.229831592,2024,Summer
NO,Medium,Traffic NOx Emissions,6.810794448,2024,Summer
NO,High,Boiler Density,11.66512036,2024,Summer
NO,High,Traffic NOx Emissions,12.37023362,2024,Summer
NO,Low,Boiler Density,10.35263855,2024,Spring
NO,Low,Traffic NOx Emissions,11.84253721,2024,Spring
NO,Medium,Boiler Density,11.24568108,2024,Spring
NO,Medium,Traffic NOx Emissions,8.8882926,2024,Spring
NO,High,Boiler Density,14.65134729,2024,Spring
NO,High,Traffic NOx Emissions,15.66654934,2024,Spring
NO,Low,Boiler Density,17.41673997,2024,Winter
NO,Low,Traffic NOx Emissions,18.90470796,2024,Winter
NO,Medium,Boiler Density,20.7009067,2024,Winter
NO,Medium,Traffic NOx Emissions,15.79738077,2024,Winter
NO,High,Boiler Density,21.40902472,2024,Winter
NO,High,Traffic NOx Emissions,24.97994902,2024,Winter
NO2,Low,Building Density,14.41315627,2024,Fall
NO2,Low,Traffic NOx Emissions,15.65783719,2024,Fall
NO2,Medium,Building Density,15.62474852,2024,Fall
NO2,Medium,Traffic NOx Emissions,14.65874396,2024,Fall
NO2,High,Building Density,18.09407571,2024,Fall
NO2,High,Traffic NOx Emissions,17.74188766,2024,Fall
NO2,Low,Building Density,12.76309961,2024,Summer
NO2,Low,Traffic NOx Emissions,13.29235737,2024,Summer
NO2,Medium,Building Density,14.06917159,2024,Summer
NO2,Medium,Traffic NOx Emissions,13.5308607,2024,Summer
NO2,High,Building Density,18.87348153,2024,Summer
NO2,High,Traffic NOx Emissions,18.63039401,2024,Summer
NO2,Low,Building Density,14.53659006,2024,Spring
NO2,Low,Traffic NOx Emissions,15.02405111,2024,Spring
NO2,Medium,Building Density,15.256481,2024,Spring
NO2,Medium,Traffic NOx Emissions,13.66311352,2024,Spring
NO2,High,Building Density,18.3868207,2024,Spring
NO2,High,Traffic NOx Emissions,19.40425702,2024,Spring
NO2,Low,Building Density,19.62092368,2024,Winter
NO2,Low,Traffic NOx Emissions,21.36474537,2024,Winter
NO2,Medium,Building Density,21.1619999,2024,Winter
NO2,Medium,Traffic NOx Emissions,20.29769231,2024,Winter
NO2,High,Building Density,25.234749,2024,Winter
NO2,High,Traffic NOx Emissions,24.2049501,2024,Winter
O3,Low,Traffic Density,34.13424744,2024,Summer
O3,Medium,Traffic Density,33.11932191,2024,Summer
O3,High,Traffic Density,30.25756878,2024,Summer
PM2.5,Low,Commercial Cooking,6.465043168,2024,Fall
PM2.5,Low,Boiler PM2.5 Emissions,5.975373974,2024,Fall
PM2.5,Low,Traffic Density,5.965728478,2024,Fall
PM2.5,Medium,Commercial Cooking,6.038857194,2024,Fall
PM2.5,Medium,Boiler PM2.5 Emissions,6.468438203,2024,Fall
PM2.5,Medium,Traffic Density,6.300044602,2024,Fall
PM2.5,High,Commercial Cooking,8.109685879,2024,Fall
PM2.5,High,Boiler PM2.5 Emissions,8.191083362,2024,Fall
PM2.5,High,Traffic Density,8.352406653,2024,Fall
PM2.5,Low,Commercial Cooking,9.18394869,2024,Summer
PM2.5,Low,Boiler PM2.5 Emissions,10.01288354,2024,Summer
PM2.5,Low,Traffic Density,11.03096172,2024,Summer
PM2.5,Medium,Commercial Cooking,9.946297592,2024,Summer
PM2.5,Medium,Boiler PM2.5 Emissions,9.57531648,2024,Summer
PM2.5,Medium,Traffic Density,8.402273339,2024,Summer
PM2.5,High,Commercial Cooking,11.43417363,2024,Summer
PM2.5,High,Boiler PM2.5 Emissions,10.93810244,2024,Summer
PM2.5,High,Traffic Density,11.22450183,2024,Summer
PM2.5,Low,Commercial Cooking,5.934575612,2024,Spring
PM2.5,Low,Boiler PM2.5 Emissions,5.991267339,2024,Spring
PM2.5,Low,Traffic Density,6.018763077,2024,Spring
PM2.5,Medium,Commercial Cooking,5.969399439,2024,Spring
PM2.5,Medium,Boiler PM2.5 Emissions,5.899868831,2024,Spring
PM2.5,Medium,Traffic Density,5.445748927,2024,Spring
PM2.5,High,Commercial Cooking,7.428959007,2024,Spring
PM2.5,High,Boiler PM2.5 Emissions,7.440056698,2024,Spring
PM2.5,High,Traffic Density,7.89533157,2024,Spring
PM2.5,Low,Commercial Cooking,7.013018302,2024,Winter
PM2.5,Low,Boiler PM2.5 Emissions,6.817580029,2024,Winter
PM2.5,Low,Traffic Density,6.680515593,2024,Winter
PM2.5,Medium,Commercial Cooking,6.495277323,2024,Winter
PM2.5,Medium,Boiler PM2.5 Emissions,6.55537246,2024,Winter
PM2.5,Medium,Traffic Density,6.031270511,2024,Winter
PM2.5,High,Commercial Cooking,7.238740643,2024,Winter
PM2.5,High,Boiler PM2.5 Emissions,7.399970828,2024,Winter
PM2.5,High,Traffic Density,8.093599467,2024,Winter
BC,ALL,ALL,0.592751849,2024,Winter
NO,ALL,ALL,20.35535058,2024,Winter
NO2,ALL,ALL,21.95376346,2024,Winter
PM2.5,ALL,ALL,6.815434777,2024,Winter
BC,ALL,ALL,0.596326286,2024,Spring
NO,ALL,ALL,12.92576611,2024,Spring
NO2,ALL,ALL,16.53243525,2024,Spring
PM2.5,ALL,ALL,6.326646925,2024,Spring
BC,ALL,ALL,0.712762034,2024,Summer
NO,ALL,ALL,9.468645741,2024,Summer
NO2,ALL,ALL,15.28508306,2024,Summer
O3,ALL,ALL,32.30523642,2024,Summer
PM2.5,ALL,ALL,9.970192325,2024,Summer
BC,ALL,ALL,0.523397669,2024,Fall
NO,ALL,ALL,14.15374418,2024,Fall
NO2,ALL,ALL,16.3517855,2024,Fall
PM2.5,ALL,ALL,6.854149444,2024,Fall
PM2.5,Low,Boiler PM2.5 Emissions,7.199276221,2024,ALL
PM2.5,Medium,Boiler PM2.5 Emissions,7.124748994,2024,ALL
PM2.5,High,Boiler PM2.5 Emissions,8.492303333,2024,ALL
PM2.5,Low,Commercial Cooking,7.149146443,2024,ALL
PM2.5,Medium,Commercial Cooking,7.112457887,2024,ALL
PM2.5,High,Commercial Cooking,8.552889789,2024,ALL
PM2.5,Low,Traffic Density,7.423992217,2024,ALL
PM2.5,Medium,Traffic Density,6.544834345,2024,ALL
PM2.5,High,Traffic Density,8.891459879,2024,ALL
NO2,Low,Building Density,15.33344241,2024,ALL
NO2,Medium,Building Density,16.52810025,2024,ALL
NO2,High,Building Density,20.14728173,2024,ALL
NO2,Low,Traffic NOx Emissions,16.33474776,2024,ALL
NO2,Medium,Traffic NOx Emissions,15.53760262,2024,ALL
NO2,High,Traffic NOx Emissions,19.9953722,2024,ALL
O3,Low,Traffic Density,34.13424744,2024,ALL
O3,Medium,Traffic Density,33.11932191,2024,ALL
O3,High,Traffic Density,30.25756878,2024,ALL
NO,Low,Boiler Density,11.55690381,2024,ALL
NO,Medium,Boiler Density,13.5523168,2024,ALL
NO,High,Boiler Density,15.76597845,2024,ALL
NO,Low,Traffic NOx Emissions,12.69434878,2024,ALL
NO,Medium,Traffic NOx Emissions,10.33096862,2024,ALL
NO,High,Traffic NOx Emissions,17.96805066,2024,ALL
BC,Low,Industrial Areas,0.520538739,2024,ALL
BC,Medium,Industrial Areas,0.537510712,2024,ALL
BC,High,Industrial Areas,0.753907604,2024,ALL
BC,Low,Commercial Cooking,0.574309342,2024,ALL
BC,Medium,Commercial Cooking,0.542431262,2024,ALL
BC,High,Commercial Cooking,0.682802703,2024,ALL
BC,Low,Traffic Density,0.497115941,2024,ALL
BC,Medium,Traffic Density,0.554782105,2024,ALL
BC,High,Traffic Density,0.749239164,2024,ALL
BC,ALL,ALL,0.606309459,2024,ALL
NO,ALL,ALL,14.22587665,2024,ALL
NO2,ALL,ALL,17.53076682,2024,ALL
O3,ALL,ALL,32.30523642,2024,ALL
PM2.5,ALL,ALL,7.491605868,2024,ALL
BC,ALL,ALL,0.648412659,2023,Winter
NO,ALL,ALL,20.13632436,2023,Winter
NO2,ALL,ALL,21.80426829,2023,Winter
PM2.5,ALL,ALL,6.798501401,2023,Winter
SO2,ALL,ALL,0.067004445,2023,Winter
BC,ALL,ALL,0.731090724,2023,Spring
NO,ALL,ALL,11.61048053,2023,Spring
NO2,ALL,ALL,17.11257353,2023,Spring
PM2.5,ALL,ALL,9.984113266,2023,Spring
BC,ALL,ALL,0.720545526,2023,Summer
NO,ALL,ALL,7.153546794,2023,Summer
NO2,ALL,ALL,14.59355538,2023,Summer
O3,ALL,ALL,33.69735517,2023,Summer
PM2.5,ALL,ALL,11.11277428,2023,Summer
BC,ALL,ALL,0.704014305,2023,Fall
NO,ALL,ALL,19.42314684,2023,Fall
NO2,ALL,ALL,21.22403586,2023,Fall
PM2.5,ALL,ALL,6.979122444,2023,Fall
PM2.5,Low,Boiler PM2.5 Emissions,7.756639384,2023,ALL
PM2.5,Medium,Boiler PM2.5 Emissions,8.165150223,2023,ALL
PM2.5,High,Boiler PM2.5 Emissions,9.133492476,2023,ALL
PM2.5,Low,Commercial Cooking,7.942328837,2023,ALL
PM2.5,Medium,Commercial Cooking,7.85866565,2023,ALL
PM2.5,High,Commercial Cooking,9.250104438,2023,ALL
PM2.5,Low,Traffic Density,7.746708375,2023,ALL
PM2.5,Medium,Traffic Density,7.885074618,2023,ALL
PM2.5,High,Traffic Density,9.416580779,2023,ALL
NO2,Low,Building Density,16.65840284,2023,ALL
NO2,Medium,Building Density,17.79050838,2023,ALL
NO2,High,Building Density,20.87821871,2023,ALL
NO2,Low,Traffic NOx Emissions,17.03911827,2023,ALL
NO2,Medium,Traffic NOx Emissions,16.78837545,2023,ALL
NO2,High,Traffic NOx Emissions,21.32190769,2023,ALL
O3,Low,Traffic Density,36.24880885,2023,ALL
O3,Medium,Traffic Density,33.83542642,2023,ALL
O3,High,Traffic Density,30.52057944,2023,ALL
NO,Low,Boiler Density,12.17655944,2023,ALL
NO,Medium,Boiler Density,14.29693056,2023,ALL
NO,High,Boiler Density,16.31197993,2023,ALL
NO,Low,Traffic NOx Emissions,11.91720256,2023,ALL
NO,Medium,Traffic NOx Emissions,11.52706993,2023,ALL
NO,High,Traffic NOx Emissions,19.30318433,2023,ALL
BC,Low,Industrial Areas,0.638252989,2023,ALL
BC,Medium,Industrial Areas,0.630751408,2023,ALL
BC,High,Industrial Areas,0.806872747,2023,ALL
BC,Low,Commercial Cooking,0.68633691,2023,ALL
BC,Medium,Commercial Cooking,0.612152136,2023,ALL
BC,High,Commercial Cooking,0.764546531,2023,ALL
BC,Low,Traffic Density,0.622162781,2023,ALL
BC,Medium,Traffic Density,0.608713499,2023,ALL
BC,High,Traffic Density,0.835825554,2023,ALL
BC,ALL,ALL,0.700507989,2023,ALL
NO,ALL,ALL,14.49167659,2023,ALL
NO2,ALL,ALL,18.64079386,2023,ALL
O3,ALL,ALL,33.69735517,2023,ALL
PM2.5,ALL,ALL,8.705535027,2023,ALL
SO2,ALL,ALL,0.067004445,2023,ALL
BC,ALL,ALL,0.719841533,2022,Winter
NO,ALL,ALL,21.77677699,2022,Winter
NO2,ALL,ALL,23.12716971,2022,Winter
PM2.5,ALL,ALL,7.388837002,2022,Winter
SO2,ALL,ALL,0.114694576,2022,Winter
BC,ALL,ALL,0.604532312,2022,Spring
NO,ALL,ALL,12.1439322,2022,Spring
NO2,ALL,ALL,15.54690408,2022,Spring
PM2.5,ALL,ALL,5.227441058,2022,Spring
BC,ALL,ALL,0.785326253,2022,Summer
NO,ALL,ALL,7.465809286,2022,Summer
NO2,ALL,ALL,13.62833799,2022,Summer
O3,ALL,ALL,32.20995929,2022,Summer
PM2.5,ALL,ALL,7.297008065,2022,Summer
BC,ALL,ALL,0.729852083,2022,Fall
NO,ALL,ALL,20.08329126,2022,Fall
NO2,ALL,ALL,19.13367867,2022,Fall
PM2.5,ALL,ALL,5.836052179,2022,Fall
PM2.5,Low,Boiler PM2.5 Emissions,5.866663622,2022,ALL
PM2.5,Medium,Boiler PM2.5 Emissions,6.089411037,2022,ALL
PM2.5,High,Boiler PM2.5 Emissions,7.259348614,2022,ALL
PM2.5,Low,Commercial Cooking,5.951924139,2022,ALL
PM2.5,Medium,Commercial Cooking,5.941252595,2022,ALL
PM2.5,High,Commercial Cooking,7.321712962,2022,ALL
PM2.5,Low,Traffic Density,5.929390074,2022,ALL
PM2.5,Medium,Traffic Density,5.916832522,2022,ALL
PM2.5,High,Traffic Density,7.369828554,2022,ALL
NO2,Low,Building Density,15.39829821,2022,ALL
NO2,Medium,Building Density,17.00629394,2022,ALL
NO2,High,Building Density,20.31481457,2022,ALL
NO2,Low,Traffic NOx Emissions,16.29166444,2022,ALL
NO2,Medium,Traffic NOx Emissions,16.28598574,2022,ALL
NO2,High,Traffic NOx Emissions,19.97661444,2022,ALL
O3,Low,Traffic Density,33.43459298,2022,ALL
O3,Medium,Traffic Density,32.45474279,2022,ALL
O3,High,Traffic Density,30.1794629,2022,ALL
NO,Low,Boiler Density,13.23894839,2022,ALL
NO,Medium,Boiler Density,14.34657716,2022,ALL
NO,High,Boiler Density,17.65626672,2022,ALL
NO,Low,Traffic NOx Emissions,12.87882136,2022,ALL
NO,Medium,Traffic NOx Emissions,12.12065296,2022,ALL
NO,High,Traffic NOx Emissions,20.28022638,2022,ALL
BC,Low,Industrial Areas,0.646373949,2022,ALL
BC,Medium,Industrial Areas,0.640762314,2022,ALL
BC,High,Industrial Areas,0.814810712,2022,ALL
BC,Low,Commercial Cooking,0.679778084,2022,ALL
BC,Medium,Commercial Cooking,0.578214762,2022,ALL
BC,High,Commercial Cooking,0.830173543,2022,ALL
BC,Low,Traffic Density,0.596707513,2022,ALL
BC,Medium,Traffic Density,0.630092088,2022,ALL
BC,High,Traffic Density,0.866444954,2022,ALL
BC,ALL,ALL,0.709860625,2022,ALL
NO,ALL,ALL,15.36745243,2022,ALL
NO2,ALL,ALL,17.85902261,2022,ALL
O3,ALL,ALL,32.20995929,2022,ALL
PM2.5,ALL,ALL,6.437334576,2022,ALL
SO2,ALL,ALL,0.114694576,2022,ALL
BC,ALL,ALL,0.729154145,2021,Winter
NO,ALL,ALL,21.84142318,2021,Winter
NO2,ALL,ALL,23.04411498,2021,Winter
PM2.5,ALL,ALL,7.20067178,2021,Winter
SO2,ALL,ALL,0.140754921,2021,Winter
BC,ALL,ALL,0.66461001,2021,Spring
NO,ALL,ALL,12.96714408,2021,Spring
NO2,ALL,ALL,17.78795937,2021,Spring
PM2.5,ALL,ALL,6.001650206,2021,Spring
BC,ALL,ALL,0.816822587,2021,Summer
NO,ALL,ALL,8.89779769,2021,Summer
NO2,ALL,ALL,14.23236932,2021,Summer
O3,ALL,ALL,29.98930907,2021,Summer
PM2.5,ALL,ALL,9.033354034,2021,Summer
BC,ALL,ALL,0.77127922,2021,Fall
NO,ALL,ALL,17.92199556,2021,Fall
NO2,ALL,ALL,19.37021486,2021,Fall
PM2.5,ALL,ALL,6.189158628,2021,Fall
PM2.5,Low,Boiler PM2.5 Emissions,6.780566744,2021,ALL
PM2.5,Medium,Boiler PM2.5 Emissions,6.73956552,2021,ALL
PM2.5,High,Boiler PM2.5 Emissions,7.696083953,2021,ALL
PM2.5,Low,Commercial Cooking,6.937925279,2021,ALL
PM2.5,Medium,Commercial Cooking,6.522437767,2021,ALL
PM2.5,High,Commercial Cooking,7.735078796,2021,ALL
PM2.5,Low,Traffic Density,6.76782144,2021,ALL
PM2.5,Medium,Traffic Density,6.56748302,2021,ALL
PM2.5,High,Traffic Density,7.890928678,2021,ALL
NO2,Low,Building Density,16.16429494,2021,ALL
NO2,Medium,Building Density,17.63028253,2021,ALL
NO2,High,Building Density,20.91850177,2021,ALL
NO2,Low,Traffic NOx Emissions,16.73274926,2021,ALL
NO2,Medium,Traffic NOx Emissions,16.54168942,2021,ALL
NO2,High,Traffic NOx Emissions,21.21983564,2021,ALL
O3,Low,Traffic Density,31.60285592,2021,ALL
O3,Medium,Traffic Density,29.98506652,2021,ALL
O3,High,Traffic Density,28.22106053,2021,ALL
NO,Low,Boiler Density,13.63882226,2021,ALL
NO,Medium,Boiler Density,14.71727957,2021,ALL
NO,High,Boiler Density,16.24724617,2021,ALL
NO,Low,Traffic NOx Emissions,13.78691581,2021,ALL
NO,Medium,Traffic NOx Emissions,11.2094591,2021,ALL
NO,High,Traffic NOx Emissions,19.61752822,2021,ALL
BC,Low,Industrial Areas,0.67966085,2021,ALL
BC,Medium,Industrial Areas,0.683240007,2021,ALL
BC,High,Industrial Areas,0.865003684,2021,ALL
BC,Low,Commercial Cooking,0.742376715,2021,ALL
BC,Medium,Commercial Cooking,0.658272638,2021,ALL
BC,High,Commercial Cooking,0.81379353,2021,ALL
BC,Low,Traffic Density,0.662067063,2021,ALL
BC,Medium,Traffic Density,0.675953318,2021,ALL
BC,High,Traffic Density,0.87812184,2021,ALL
BC,ALL,ALL,0.74546649,2021,ALL
NO,ALL,ALL,15.34817081,2021,ALL
NO2,ALL,ALL,18.5631833,2021,ALL
O3,ALL,ALL,29.98930907,2021,ALL
PM2.5,ALL,ALL,7.106208662,2021,ALL
SO2,ALL,ALL,0.140754921,2021,ALL
BC,ALL,ALL,0.869078063,2020,Winter
NO,ALL,ALL,30.19005928,2020,Winter
NO2,ALL,ALL,26.09743156,2020,Winter
PM2.5,ALL,ALL,8.164384647,2020,Winter
SO2,ALL,ALL,0.103214836,2020,Winter
BC,ALL,ALL,0.499746803,2020,Spring
NO,ALL,ALL,9.920171834,2020,Spring
NO2,ALL,ALL,13.46842071,2020,Spring
PM2.5,ALL,ALL,4.581476776,2020,Spring
BC,ALL,ALL,0.806447394,2020,Summer
NO,ALL,ALL,8.48642947,2020,Summer
NO2,ALL,ALL,13.59813508,2020,Summer
O3,ALL,ALL,30.30524838,2020,Summer
PM2.5,ALL,ALL,7.567427221,2020,Summer
BC,ALL,ALL,0.795564732,2020,Fall
NO,ALL,ALL,16.86593071,2020,Fall
NO2,ALL,ALL,19.46158857,2020,Fall
PM2.5,ALL,ALL,6.471773737,2020,Fall
PM2.5,Low,Boiler PM2.5 Emissions,6.131540129,2020,ALL
PM2.5,Medium,Boiler PM2.5 Emissions,6.455776697,2020,ALL
PM2.5,High,Boiler PM2.5 Emissions,7.436618397,2020,ALL
PM2.5,Low,Commercial Cooking,6.424197777,2020,ALL
PM2.5,Medium,Commercial Cooking,6.161879774,2020,ALL
PM2.5,High,Commercial Cooking,7.424741772,2020,ALL
PM2.5,Low,Traffic Density,6.226107209,2020,ALL
PM2.5,Medium,Traffic Density,6.211468249,2020,ALL
PM2.5,High,Traffic Density,7.587091713,2020,ALL
NO2,Low,Building Density,15.29372058,2020,ALL
NO2,Medium,Building Density,17.52638051,2020,ALL
NO2,High,Building Density,20.95562516,2020,ALL
NO2,Low,Traffic NOx Emissions,16.1998511,2020,ALL
NO2,Medium,Traffic NOx Emissions,16.07344782,2020,ALL
NO2,High,Traffic NOx Emissions,21.36505641,2020,ALL
O3,Low,Traffic Density,31.25294636,2020,ALL
O3,Medium,Traffic Density,30.85369542,2020,ALL
O3,High,Traffic Density,29.16061903,2020,ALL
NO,Low,Boiler Density,12.70130756,2020,ALL
NO,Medium,Boiler Density,15.40198176,2020,ALL
NO,High,Boiler Density,19.14728175,2020,ALL
NO,Low,Traffic NOx Emissions,13.64334179,2020,ALL
NO,Medium,Traffic NOx Emissions,12.09043039,2020,ALL
NO,High,Traffic NOx Emissions,21.73086478,2020,ALL
BC,Low,Industrial Areas,0.647022187,2020,ALL
BC,Medium,Industrial Areas,0.709489248,2020,ALL
BC,High,Industrial Areas,0.868723967,2020,ALL
BC,Low,Commercial Cooking,0.734261457,2020,ALL
BC,Medium,Commercial Cooking,0.634769939,2020,ALL
BC,High,Commercial Cooking,0.844650908,2020,ALL
BC,Low,Traffic Density,0.638997718,2020,ALL
BC,Medium,Traffic Density,0.649302538,2020,ALL
BC,High,Traffic Density,0.928020464,2020,ALL
BC,ALL,ALL,0.741757725,2020,ALL
NO,ALL,ALL,16.34332709,2020,ALL
NO2,ALL,ALL,18.13064111,2020,ALL
O3,ALL,ALL,30.30524838,2020,ALL
PM2.5,ALL,ALL,6.696265595,2020,ALL
SO2,ALL,ALL,0.103214836,2020,ALL
BC,ALL,ALL,0.750314631,2019,Winter
NO,ALL,ALL,25.31973739,2019,Winter
NO2,ALL,ALL,24.67869607,2019,Winter
PM2.5,ALL,ALL,7.756523337,2019,Winter
SO2,ALL,ALL,0.149444911,2019,Winter
BC,ALL,ALL,0.684017841,2019,Spring
NO,ALL,ALL,12.87937101,2019,Spring
NO2,ALL,ALL,17.65753135,2019,Spring
PM2.5,ALL,ALL,6.479882355,2019,Spring
BC,ALL,ALL,0.985874288,2019,Summer
NO,ALL,ALL,9.882822838,2019,Summer
NO2,ALL,ALL,16.08963917,2019,Summer
O3,ALL,ALL,30.67650387,2019,Summer
PM2.5,ALL,ALL,9.284760574,2019,Summer
BC,ALL,ALL,0.772670602,2019,Fall
NO,ALL,ALL,16.55407956,2019,Fall
NO2,ALL,ALL,18.56730561,2019,Fall
PM2.5,ALL,ALL,6.218416108,2019,Fall
PM2.5,Low,Boiler PM2.5 Emissions,6.593052707,2019,ALL
PM2.5,Medium,Boiler PM2.5 Emissions,7.22494134,2019,ALL
PM2.5,High,Boiler PM2.5 Emissions,8.443864395,2019,ALL
PM2.5,Low,Commercial Cooking,7.344873898,2019,ALL
PM2.5,Medium,Commercial Cooking,6.726959527,2019,ALL
PM2.5,High,Commercial Cooking,8.159129298,2019,ALL
PM2.5,Low,Traffic Density,6.569471059,2019,ALL
PM2.5,Medium,Traffic Density,6.932168004,2019,ALL
PM2.5,High,Traffic Density,8.742084532,2019,ALL
NO2,Low,Building Density,16.26315726,2019,ALL
NO2,Medium,Building Density,18.82853831,2019,ALL
NO2,High,Building Density,24.46514535,2019,ALL
NO2,Low,Traffic NOx Emissions,17.17134908,2019,ALL
NO2,Medium,Traffic NOx Emissions,17.7056606,2019,ALL
NO2,High,Traffic NOx Emissions,24.37128531,2019,ALL
O3,Low,Traffic Density,32.15445626,2019,ALL
O3,Medium,Traffic Density,30.77244365,2019,ALL
O3,High,Traffic Density,27.25134282,2019,ALL
NO,Low,Boiler Density,13.55623737,2019,ALL
NO,Medium,Boiler Density,16.86069356,2019,ALL
NO,High,Boiler Density,21.12144394,2019,ALL
NO,Low,Traffic NOx Emissions,13.69394384,2019,ALL
NO,Medium,Traffic NOx Emissions,13.04921012,2019,ALL
NO,High,Traffic NOx Emissions,24.82745759,2019,ALL
BC,Low,Industrial Areas,0.76651418,2019,ALL
BC,Medium,Industrial Areas,0.731458142,2019,ALL
BC,High,Industrial Areas,1.022450783,2019,ALL
BC,Low,Commercial Cooking,0.84204277,2019,ALL
BC,Medium,Commercial Cooking,0.694948007,2019,ALL
BC,High,Commercial Cooking,0.961527959,2019,ALL
BC,Low,Traffic Density,0.695143434,2019,ALL
BC,Medium,Traffic Density,0.740335953,2019,ALL
BC,High,Traffic Density,1.070394086,2019,ALL
BC,ALL,ALL,0.79821934,2019,ALL
NO,ALL,ALL,16.1590027,2019,ALL
NO2,ALL,ALL,19.24829305,2019,ALL
O3,ALL,ALL,30.67650387,2019,ALL
PM2.5,ALL,ALL,7.434895593,2019,ALL
SO2,ALL,ALL,0.149444911,2019,ALL
BC,ALL,ALL,0.915302088,2018,Winter
NO,ALL,ALL,24.64110396,2018,Winter
NO2,ALL,ALL,26.1109229,2018,Winter
PM2.5,ALL,ALL,9.071296957,2018,Winter
SO2,ALL,ALL,0.275377291,2018,Winter
BC,ALL,ALL,0.78030859,2018,Spring
NO,ALL,ALL,15.35730528,2018,Spring
NO2,ALL,ALL,20.85733272,2018,Spring
PM2.5,ALL,ALL,7.339018779,2018,Spring
BC,ALL,ALL,1.003691009,2018,Summer
NO,ALL,ALL,11.04370265,2018,Summer
NO2,ALL,ALL,16.06886122,2018,Summer
O3,ALL,ALL,29.71979979,2018,Summer
PM2.5,ALL,ALL,9.491298365,2018,Summer
BC,ALL,ALL,0.790481885,2018,Fall
NO,ALL,ALL,20.3418072,2018,Fall
NO2,ALL,ALL,19.23348841,2018,Fall
PM2.5,ALL,ALL,6.100669627,2018,Fall
PM2.5,Low,Boiler PM2.5 Emissions,7.290164561,2018,ALL
PM2.5,Medium,Boiler PM2.5 Emissions,7.552521475,2018,ALL
PM2.5,High,Boiler PM2.5 Emissions,9.279172165,2018,ALL
PM2.5,Low,Commercial Cooking,7.622350018,2018,ALL
PM2.5,Medium,Commercial Cooking,7.281118641,2018,ALL
PM2.5,High,Commercial Cooking,9.201327974,2018,ALL
PM2.5,Low,Traffic Density,7.205026723,2018,ALL
PM2.5,Medium,Traffic Density,7.270215305,2018,ALL
PM2.5,High,Traffic Density,9.643356744,2018,ALL
NO2,Low,Building Density,17.65870509,2018,ALL
NO2,Medium,Building Density,20.22988849,2018,ALL
NO2,High,Building Density,25.34691163,2018,ALL
NO2,Low,Traffic NOx Emissions,18.81346673,2018,ALL
NO2,Medium,Traffic NOx Emissions,18.82890669,2018,ALL
NO2,High,Traffic NOx Emissions,25.33650864,2018,ALL
O3,Low,Traffic Density,32.1251881,2018,ALL
O3,Medium,Traffic Density,29.72160643,2018,ALL
O3,High,Traffic Density,26.5880835,2018,ALL
NO,Low,Boiler Density,14.4846319,2018,ALL
NO,Medium,Boiler Density,19.10369739,2018,ALL
NO,High,Boiler Density,23.44547621,2018,ALL
NO,Low,Traffic NOx Emissions,14.81106366,2018,ALL
NO,Medium,Traffic NOx Emissions,13.94015131,2018,ALL
NO,High,Traffic NOx Emissions,28.32613614,2018,ALL
BC,Low,Industrial Areas,0.80488905,2018,ALL
BC,Medium,Industrial Areas,0.821667255,2018,ALL
BC,High,Industrial Areas,1.108307503,2018,ALL
BC,Low,Commercial Cooking,0.869327898,2018,ALL
BC,Medium,Commercial Cooking,0.761376955,2018,ALL
BC,High,Commercial Cooking,1.084429395,2018,ALL
BC,Low,Traffic Density,0.74641233,2018,ALL
BC,Medium,Traffic Density,0.781239603,2018,ALL
BC,High,Traffic Density,1.192879864,2018,ALL
BC,ALL,ALL,0.872445893,2018,ALL
NO,ALL,ALL,17.84597977,2018,ALL
NO2,ALL,ALL,20.56765131,2018,ALL
O3,ALL,ALL,29.71979979,2018,ALL
PM2.5,ALL,ALL,8.000570932,2018,ALL
SO2,ALL,ALL,0.275377291,2018,ALL
BC,ALL,ALL,0.896394791,2017,Winter
NO,ALL,ALL,28.88511109,2017,Winter
NO2,ALL,ALL,27.33733205,2017,Winter
PM2.5,ALL,ALL,8.71945422,2017,Winter
SO2,ALL,ALL,0.21509831,2017,Winter
BC,ALL,ALL,0.808327921,2017,Spring
NO,ALL,ALL,19.36804728,2017,Spring
NO2,ALL,ALL,21.26411002,2017,Spring
PM2.5,ALL,ALL,7.103107113,2017,Spring
BC,ALL,ALL,1.045576075,2017,Summer
NO,ALL,ALL,11.10478129,2017,Summer
NO2,ALL,ALL,17.10323788,2017,Summer
O3,ALL,ALL,28.63336216,2017,Summer
PM2.5,ALL,ALL,9.647489427,2017,Summer
BC,ALL,ALL,0.930076566,2017,Fall
NO,ALL,ALL,18.78991149,2017,Fall
NO2,ALL,ALL,20.87503889,2017,Fall
PM2.5,ALL,ALL,7.168757424,2017,Fall
PM2.5,Low,Boiler PM2.5 Emissions,7.428033989,2017,ALL
PM2.5,Medium,Boiler PM2.5 Emissions,8.100534969,2017,ALL
PM2.5,High,Boiler PM2.5 Emissions,9.165254416,2017,ALL
PM2.5,Low,Commercial Cooking,7.909852841,2017,ALL
PM2.5,Medium,Commercial Cooking,7.609443553,2017,ALL
PM2.5,High,Commercial Cooking,9.159506516,2017,ALL
PM2.5,Low,Traffic Density,7.578906255,2017,ALL
PM2.5,Medium,Traffic Density,7.560394377,2017,ALL
PM2.5,High,Traffic Density,9.555448336,2017,ALL
NO2,Low,Building Density,18.18719143,2017,ALL
NO2,Medium,Building Density,21.14013764,2017,ALL
NO2,High,Building Density,26.73611712,2017,ALL
NO2,Low,Traffic NOx Emissions,19.47070703,2017,ALL
NO2,Medium,Traffic NOx Emissions,20.0679023,2017,ALL
NO2,High,Traffic NOx Emissions,26.21517812,2017,ALL
O3,Low,Traffic Density,31.1000993,2017,ALL
O3,Medium,Traffic Density,29.16033526,2017,ALL
O3,High,Traffic Density,25.5266738,2017,ALL
NO,Low,Boiler Density,15.37479694,2017,ALL
NO,Medium,Boiler Density,19.86150975,2017,ALL
NO,High,Boiler Density,25.01640115,2017,ALL
NO,Low,Traffic NOx Emissions,16.08068016,2017,ALL
NO,Medium,Traffic NOx Emissions,15.45026149,2017,ALL
NO,High,Traffic NOx Emissions,28.75328711,2017,ALL
BC,Low,Industrial Areas,0.839894392,2017,ALL
BC,Medium,Industrial Areas,0.814250922,2017,ALL
BC,High,Industrial Areas,1.173080482,2017,ALL
BC,Low,Commercial Cooking,0.918980535,2017,ALL
BC,Medium,Commercial Cooking,0.780393497,2017,ALL
BC,High,Commercial Cooking,1.102980935,2017,ALL
BC,Low,Traffic Density,0.775959637,2017,ALL
BC,Medium,Traffic Density,0.824720399,2017,ALL
BC,High,Traffic Density,1.208604282,2017,ALL
BC,ALL,ALL,0.932898558,2017,ALL
NO,ALL,ALL,18.64417081,2017,ALL
NO2,ALL,ALL,21.1271846,2017,ALL
O3,ALL,ALL,28.63336216,2017,ALL
PM2.5,ALL,ALL,8.204576612,2017,ALL
SO2,ALL,ALL,0.21509831,2017,ALL
BC,ALL,ALL,1.033078106,2016,Winter
NO,ALL,ALL,32.54758968,2016,Winter
NO2,ALL,ALL,25.29575227,2016,Winter
PM2.5,ALL,ALL,8.866017661,2016,Winter
SO2,ALL,ALL,0.233490713,2016,Winter
BC,ALL,ALL,0.945466484,2016,Spring
NO,ALL,ALL,20.82844987,2016,Spring
NO2,ALL,ALL,21.05991806,2016,Spring
PM2.5,ALL,ALL,8.244120287,2016,Spring
BC,ALL,ALL,1.062636446,2016,Summer
NO,ALL,ALL,11.80640673,2016,Summer
NO2,ALL,ALL,16.72162674,2016,Summer
O3,ALL,ALL,31.61368815,2016,Summer
PM2.5,ALL,ALL,9.206226681,2016,Summer
BC,ALL,ALL,1.041310071,2016,Fall
NO,ALL,ALL,24.46061082,2016,Fall
NO2,ALL,ALL,21.99470383,2016,Fall
PM2.5,ALL,ALL,7.023243116,2016,Fall
PM2.5,Low,Boiler PM2.5 Emissions,7.449022624,2016,ALL
PM2.5,Medium,Boiler PM2.5 Emissions,8.26490922,2016,ALL
PM2.5,High,Boiler PM2.5 Emissions,9.577187443,2016,ALL
PM2.5,Low,Commercial Cooking,7.891631704,2016,ALL
PM2.5,Medium,Commercial Cooking,7.789089952,2016,ALL
PM2.5,High,Commercial Cooking,9.605270544,2016,ALL
PM2.5,Low,Traffic Density,7.763908925,2016,ALL
PM2.5,Medium,Traffic Density,7.673035811,2016,ALL
PM2.5,High,Traffic Density,9.858718207,2016,ALL
NO2,Low,Building Density,17.65470984,2016,ALL
NO2,Medium,Building Density,20.5129043,2016,ALL
NO2,High,Building Density,26.5430081,2016,ALL
NO2,Low,Traffic NOx Emissions,19.00259512,2016,ALL
NO2,Medium,Traffic NOx Emissions,19.21014054,2016,ALL
NO2,High,Traffic NOx Emissions,26.18600412,2016,ALL
O3,Low,Traffic Density,33.88116411,2016,ALL
O3,Medium,Traffic Density,31.67158028,2016,ALL
O3,High,Traffic Density,28.57189313,2016,ALL
NO,Low,Boiler Density,17.63272187,2016,ALL
NO,Medium,Boiler Density,22.88091039,2016,ALL
NO,High,Boiler Density,28.57552399,2016,ALL
NO,Low,Traffic NOx Emissions,17.81520373,2016,ALL
NO,Medium,Traffic NOx Emissions,18.50475828,2016,ALL
NO,High,Traffic NOx Emissions,32.73471651,2016,ALL
BC,Low,Industrial Areas,0.951365191,2016,ALL
BC,Medium,Industrial Areas,0.921969419,2016,ALL
BC,High,Industrial Areas,1.24260174,2016,ALL
BC,Low,Commercial Cooking,0.997818933,2016,ALL
BC,Medium,Commercial Cooking,0.890422104,2016,ALL
BC,High,Commercial Cooking,1.206293856,2016,ALL
BC,Low,Traffic Density,0.862775262,2016,ALL
BC,Medium,Traffic Density,0.938849501,2016,ALL
BC,High,Traffic Density,1.298279971,2016,ALL
BC,ALL,ALL,1.019533972,2016,ALL
NO,ALL,ALL,22.30287761,2016,ALL
NO2,ALL,ALL,21.22975267,2016,ALL
O3,ALL,ALL,31.61368815,2016,ALL
PM2.5,ALL,ALL,8.403936611,2016,ALL
SO2,ALL,ALL,0.233490713,2016,ALL
BC,ALL,ALL,1.035757845,2015,Winter
NO,ALL,ALL,33.06749076,2015,Winter
NO2,ALL,ALL,27.18906682,2015,Winter
PM2.5,ALL,ALL,10.6801678,2015,Winter
SO2,ALL,ALL,0.859030688,2015,Winter
BC,ALL,ALL,1.026919294,2015,Spring
NO,ALL,ALL,26.97750012,2015,Spring
NO2,ALL,ALL,23.06813168,2015,Spring
PM2.5,ALL,ALL,9.616885345,2015,Spring
BC,ALL,ALL,1.09518776,2015,Summer
NO,ALL,ALL,14.91291379,2015,Summer
NO2,ALL,ALL,17.40743187,2015,Summer
O3,ALL,ALL,30.48817773,2015,Summer
PM2.5,ALL,ALL,10.14751307,2015,Summer
BC,ALL,ALL,1.104270575,2015,Fall
NO,ALL,ALL,25.0822046,2015,Fall
NO2,ALL,ALL,21.3091603,2015,Fall
PM2.5,ALL,ALL,7.808820378,2015,Fall
PM2.5,Low,Boiler PM2.5 Emissions,8.833826958,2015,ALL
PM2.5,Medium,Boiler PM2.5 Emissions,9.303893862,2015,ALL
PM2.5,High,Boiler PM2.5 Emissions,10.82302616,2015,ALL
PM2.5,Low,Commercial Cooking,9.070043159,2015,ALL
PM2.5,Medium,Commercial Cooking,9.141324958,2015,ALL
PM2.5,High,Commercial Cooking,10.75294296,2015,ALL
PM2.5,Low,Traffic Density,8.825950327,2015,ALL
PM2.5,Medium,Traffic Density,8.833928546,2015,ALL
PM2.5,High,Traffic Density,11.3004692,2015,ALL
NO2,Low,Building Density,18.79200019,2015,ALL
NO2,Medium,Building Density,21.47067122,2015,ALL
NO2,High,Building Density,27.77856904,2015,ALL
NO2,Low,Traffic NOx Emissions,19.77237025,2015,ALL
NO2,Medium,Traffic NOx Emissions,20.56859685,2015,ALL
NO2,High,Traffic NOx Emissions,27.34506713,2015,ALL
O3,Low,Traffic Density,33.16227797,2015,ALL
O3,Medium,Traffic Density,30.75279316,2015,ALL
O3,High,Traffic Density,26.87894017,2015,ALL
NO,Low,Boiler Density,18.9591237,2015,ALL
NO,Medium,Boiler Density,25.56406882,2015,ALL
NO,High,Boiler Density,32.80383782,2015,ALL
NO,Low,Traffic NOx Emissions,19.13702507,2015,ALL
NO,Medium,Traffic NOx Emissions,20.20003183,2015,ALL
NO,High,Traffic NOx Emissions,37.93904688,2015,ALL
BC,Low,Industrial Areas,0.989012741,2015,ALL
BC,Medium,Industrial Areas,0.971388007,2015,ALL
BC,High,Industrial Areas,1.315150407,2015,ALL
BC,Low,Commercial Cooking,0.989603792,2015,ALL
BC,Medium,Commercial Cooking,0.978262926,2015,ALL
BC,High,Commercial Cooking,1.289929274,2015,ALL
BC,Low,Traffic Density,0.873371516,2015,ALL
BC,Medium,Traffic Density,1.02627409,2015,ALL
BC,High,Traffic Density,1.358717429,2015,ALL
BC,ALL,ALL,1.063495094,2015,ALL
NO,ALL,ALL,25.04176835,2015,ALL
NO2,ALL,ALL,22.29262069,2015,ALL
O3,ALL,ALL,30.48817773,2015,ALL
PM2.5,ALL,ALL,9.655690135,2015,ALL
SO2,ALL,ALL,0.859030688,2015,ALL
BC,ALL,ALL,1.269528393,2014,Winter
NO,ALL,ALL,39.82935213,2014,Winter
NO2,ALL,ALL,30.0674547,2014,Winter
PM2.5,ALL,ALL,13.34106722,2014,Winter
SO2,ALL,ALL,1.81662447,2014,Winter
BC,ALL,ALL,0.999499099,2014,Spring
NO,ALL,ALL,24.38245334,2014,Spring
NO2,ALL,ALL,22.93003595,2014,Spring
PM2.5,ALL,ALL,9.152255712,2014,Spring
BC,ALL,ALL,1.127849751,2014,Summer
NO,ALL,ALL,16.74335543,2014,Summer
NO2,ALL,ALL,18.00490584,2014,Summer
O3,ALL,ALL,29.54055628,2014,Summer
PM2.5,ALL,ALL,9.274377146,2014,Summer
BC,ALL,ALL,1.031749346,2014,Fall
NO,ALL,ALL,25.02935316,2014,Fall
NO2,ALL,ALL,21.01063874,2014,Fall
PM2.5,ALL,ALL,8.01868886,2014,Fall
PM2.5,Low,Boiler PM2.5 Emissions,9.040769524,2014,ALL
PM2.5,Medium,Boiler PM2.5 Emissions,9.655860709,2014,ALL
PM2.5,High,Boiler PM2.5 Emissions,11.1890529,2014,ALL
PM2.5,Low,Commercial Cooking,9.43715372,2014,ALL
PM2.5,Medium,Commercial Cooking,9.396300552,2014,ALL
PM2.5,High,Commercial Cooking,11.04287743,2014,ALL
PM2.5,Low,Traffic Density,9.149802943,2014,ALL
PM2.5,Medium,Traffic Density,9.269116327,2014,ALL
PM2.5,High,Traffic Density,11.47510058,2014,ALL
NO2,Low,Building Density,19.07467564,2014,ALL
NO2,Medium,Building Density,22.24396566,2014,ALL
NO2,High,Building Density,28.90000224,2014,ALL
NO2,Low,Traffic NOx Emissions,20.3233045,2014,ALL
NO2,Medium,Traffic NOx Emissions,21.1797548,2014,ALL
NO2,High,Traffic NOx Emissions,28.31048398,2014,ALL
O3,Low,Traffic Density,32.00630478,2014,ALL
O3,Medium,Traffic Density,29.87329068,2014,ALL
O3,High,Traffic Density,25.99572101,2014,ALL
NO,Low,Boiler Density,19.6620206,2014,ALL
NO,Medium,Boiler Density,27.50540866,2014,ALL
NO,High,Boiler Density,34.27231477,2014,ALL
NO,Low,Traffic NOx Emissions,20.59073971,2014,ALL
NO,Medium,Traffic NOx Emissions,21.62018741,2014,ALL
NO,High,Traffic NOx Emissions,39.43550399,2014,ALL
BC,Low,Industrial Areas,1.03053807,2014,ALL
BC,Medium,Industrial Areas,1.019875,2014,ALL
BC,High,Industrial Areas,1.357208181,2014,ALL
BC,Low,Commercial Cooking,1.061488005,2014,ALL
BC,Medium,Commercial Cooking,0.980508697,2014,ALL
BC,High,Commercial Cooking,1.344051068,2014,ALL
BC,Low,Traffic Density,0.914682219,2014,ALL
BC,Medium,Traffic Density,0.982989534,2014,ALL
BC,High,Traffic Density,1.500234136,2014,ALL
BC,ALL,ALL,1.099095638,2014,ALL
NO,ALL,ALL,25.83419543,2014,ALL
NO2,ALL,ALL,22.65255405,2014,ALL
O3,ALL,ALL,29.54055628,2014,ALL
PM2.5,ALL,ALL,9.778077448,2014,ALL
SO2,ALL,ALL,1.81662447,2014,ALL
BC,ALL,ALL,1.244878258,2013,Winter
NO,ALL,ALL,35.11346122,2013,Winter
NO2,ALL,ALL,26.93623391,2013,Winter
PM2.5,ALL,ALL,11.46312655,2013,Winter
SO2,ALL,ALL,1.748806716,2013,Winter
BC,ALL,ALL,0.927761702,2013,Spring
NO,ALL,ALL,20.61591455,2013,Spring
NO2,ALL,ALL,22.79243139,2013,Spring
PM2.5,ALL,ALL,7.739615236,2013,Spring
BC,ALL,ALL,1.204138507,2013,Summer
NO,ALL,ALL,14.58821612,2013,Summer
NO2,ALL,ALL,19.44571064,2013,Summer
O3,ALL,ALL,29.36561822,2013,Summer
PM2.5,ALL,ALL,10.71312288,2013,Summer
BC,ALL,ALL,1.166990949,2013,Fall
NO,ALL,ALL,27.5294881,2013,Fall
NO2,ALL,ALL,23.27456839,2013,Fall
PM2.5,ALL,ALL,8.548454002,2013,Fall
PM2.5,Low,Boiler PM2.5 Emissions,8.547608044,2013,ALL
PM2.5,Medium,Boiler PM2.5 Emissions,9.304371463,2013,ALL
PM2.5,High,Boiler PM2.5 Emissions,11.14597268,2013,ALL
PM2.5,Low,Commercial Cooking,9.125624083,2013,ALL
PM2.5,Medium,Commercial Cooking,8.757222378,2013,ALL
PM2.5,High,Commercial Cooking,11.08486322,2013,ALL
PM2.5,Low,Traffic Density,8.728431939,2013,ALL
PM2.5,Medium,Traffic Density,8.897450549,2013,ALL
PM2.5,High,Traffic Density,11.3583609,2013,ALL
NO2,Low,Building Density,19.34398564,2013,ALL
NO2,Medium,Building Density,22.35378269,2013,ALL
NO2,High,Building Density,29.72676168,2013,ALL
NO2,Low,Traffic NOx Emissions,20.30579719,2013,ALL
NO2,Medium,Traffic NOx Emissions,21.5041045,2013,ALL
NO2,High,Traffic NOx Emissions,29.17921972,2013,ALL
O3,Low,Traffic Density,31.92185327,2013,ALL
O3,Medium,Traffic Density,29.5093557,2013,ALL
O3,High,Traffic Density,25.48623621,2013,ALL
NO,Low,Boiler Density,17.95898348,2013,ALL
NO,Medium,Boiler Density,25.24275129,2013,ALL
NO,High,Boiler Density,33.23786019,2013,ALL
NO,Low,Traffic NOx Emissions,18.08113914,2013,ALL
NO,Medium,Traffic NOx Emissions,20.65316067,2013,ALL
NO,High,Traffic NOx Emissions,37.63161602,2013,ALL
BC,Low,Industrial Areas,1.076149055,2013,ALL
BC,Medium,Industrial Areas,1.04920356,2013,ALL
BC,High,Industrial Areas,1.405767053,2013,ALL
BC,Low,Commercial Cooking,1.090913847,2013,ALL
BC,Medium,Commercial Cooking,1.004174305,2013,ALL
BC,High,Commercial Cooking,1.414343779,2013,ALL
BC,Low,Traffic Density,0.937005158,2013,ALL
BC,Medium,Traffic Density,1.076683717,2013,ALL
BC,High,Traffic Density,1.506743387,2013,ALL
BC,ALL,ALL,1.129199859,2013,ALL
NO,ALL,ALL,24.12091243,2013,ALL
NO2,ALL,ALL,23.09419916,2013,ALL
O3,ALL,ALL,29.36561822,2013,ALL
PM2.5,ALL,ALL,9.705409457,2013,ALL
SO2,ALL,ALL,1.748806716,2013,ALL
BC,ALL,ALL,1.135922935,2012,Winter
NO,ALL,ALL,34.72601519,2012,Winter
NO2,ALL,ALL,25.93491478,2012,Winter
PM2.5,ALL,ALL,10.00319083,2012,Winter
SO2,ALL,ALL,2.81288684,2012,Winter
BC,ALL,ALL,1.05688889,2012,Spring
NO,ALL,ALL,22.76731719,2012,Spring
NO2,ALL,ALL,24.00057753,2012,Spring
PM2.5,ALL,ALL,9.173079972,2012,Spring
BC,ALL,ALL,1.222357,2012,Summer
NO,ALL,ALL,14.56102607,2012,Summer
NO2,ALL,ALL,20.54793914,2012,Summer
O3,ALL,ALL,31.51891679,2012,Summer
PM2.5,ALL,ALL,11.16040626,2012,Summer
BC,ALL,ALL,1.178807559,2012,Fall
NO,ALL,ALL,29.83531498,2012,Fall
NO2,ALL,ALL,23.27560043,2012,Fall
PM2.5,ALL,ALL,8.664371628,2012,Fall
PM2.5,Low,Boiler PM2.5 Emissions,8.841706697,2012,ALL
PM2.5,Medium,Boiler PM2.5 Emissions,9.520693133,2012,ALL
PM2.5,High,Boiler PM2.5 Emissions,11.46773943,2012,ALL
PM2.5,Low,Commercial Cooking,9.331362413,2012,ALL
PM2.5,Medium,Commercial Cooking,9.2380384,2012,ALL
PM2.5,High,Commercial Cooking,11.26008072,2012,ALL
PM2.5,Low,Traffic Density,9.000060866,2012,ALL
PM2.5,Medium,Traffic Density,9.254525125,2012,ALL
PM2.5,High,Traffic Density,11.56331551,2012,ALL
NO2,Low,Building Density,19.976658,2012,ALL
NO2,Medium,Building Density,22.91589155,2012,ALL
NO2,High,Building Density,30.85381644,2012,ALL
NO2,Low,Traffic NOx Emissions,20.97001644,2012,ALL
NO2,Medium,Traffic NOx Emissions,22.00676365,2012,ALL
NO2,High,Traffic NOx Emissions,30.3208523,2012,ALL
O3,Low,Traffic Density,34.31310147,2012,ALL
O3,Medium,Traffic Density,32.13169076,2012,ALL
O3,High,Traffic Density,27.71177126,2012,ALL
NO,Low,Boiler Density,19.2576765,2012,ALL
NO,Medium,Boiler Density,26.58652031,2012,ALL
NO,High,Boiler Density,36.27471509,2012,ALL
NO,Low,Traffic NOx Emissions,19.78656781,2012,ALL
NO,Medium,Traffic NOx Emissions,21.8236503,2012,ALL
NO,High,Traffic NOx Emissions,40.40683966,2012,ALL
BC,Low,Industrial Areas,1.113975681,2012,ALL
BC,Medium,Industrial Areas,1.067671058,2012,ALL
BC,High,Industrial Areas,1.462389551,2012,ALL
BC,Low,Commercial Cooking,1.117630113,2012,ALL
BC,Medium,Commercial Cooking,1.081337343,2012,ALL
BC,High,Commercial Cooking,1.42349763,2012,ALL
BC,Low,Traffic Density,1.008900808,2012,ALL
BC,Medium,Traffic Density,1.076698391,2012,ALL
BC,High,Traffic Density,1.542117719,2012,ALL
BC,ALL,ALL,1.146209677,2012,ALL
NO,ALL,ALL,25.47241836,2012,ALL
NO2,ALL,ALL,23.43975797,2012,ALL
O3,ALL,ALL,31.51891679,2012,ALL
PM2.5,ALL,ALL,9.706649469,2012,ALL
SO2,ALL,ALL,2.81288684,2012,ALL
BC,ALL,ALL,1.37681615,2011,Winter
NO,ALL,ALL,48.39824884,2011,Winter
NO2,ALL,ALL,31.74777447,2011,Winter
PM2.5,ALL,ALL,13.62922966,2011,Winter
SO2,ALL,ALL,4.673071631,2011,Winter
BC,ALL,ALL,1.017250536,2011,Spring
NO,ALL,ALL,24.5486736,2011,Spring
NO2,ALL,ALL,23.87254706,2011,Spring
PM2.5,ALL,ALL,9.032641063,2011,Spring
BC,ALL,ALL,1.333577519,2011,Summer
NO,ALL,ALL,17.28701021,2011,Summer
NO2,ALL,ALL,22.04771167,2011,Summer
O3,ALL,ALL,31.60055576,2011,Summer
PM2.5,ALL,ALL,12.72467819,2011,Summer
BC,ALL,ALL,1.30192239,2011,Fall
NO,ALL,ALL,38.52266894,2011,Fall
NO2,ALL,ALL,26.59348161,2011,Fall
PM2.5,ALL,ALL,9.460514506,2011,Fall
PM2.5,Low,Boiler PM2.5 Emissions,10.4653271,2011,ALL
PM2.5,Medium,Boiler PM2.5 Emissions,11.19764205,2011,ALL
PM2.5,High,Boiler PM2.5 Emissions,12.91038868,2011,ALL
PM2.5,Low,Commercial Cooking,10.97686762,2011,ALL
PM2.5,Medium,Commercial Cooking,10.94595786,2011,ALL
PM2.5,High,Commercial Cooking,12.64898686,2011,ALL
PM2.5,Low,Traffic Density,10.81478705,2011,ALL
PM2.5,Medium,Traffic Density,10.62710451,2011,ALL
PM2.5,High,Traffic Density,13.1408504,2011,ALL
NO2,Low,Building Density,22.53271294,2011,ALL
NO2,Medium,Building Density,25.59816053,2011,ALL
NO2,High,Building Density,33.66622507,2011,ALL
NO2,Low,Traffic NOx Emissions,23.388422,2011,ALL
NO2,Medium,Traffic NOx Emissions,24.70409092,2011,ALL
NO2,High,Traffic NOx Emissions,33.23539894,2011,ALL
O3,Low,Traffic Density,34.36721012,2011,ALL
O3,Medium,Traffic Density,32.31428271,2011,ALL
O3,High,Traffic Density,27.38616841,2011,ALL
NO,Low,Boiler Density,25.18515337,2011,ALL
NO,Medium,Boiler Density,34.51780151,2011,ALL
NO,High,Boiler Density,44.917076,2011,ALL
NO,Low,Traffic NOx Emissions,25.06570936,2011,ALL
NO,Medium,Traffic NOx Emissions,27.67749736,2011,ALL
NO,High,Traffic NOx Emissions,51.74623476,2011,ALL
BC,Low,Industrial Areas,1.239503924,2011,ALL
BC,Medium,Industrial Areas,1.207498979,2011,ALL
BC,High,Industrial Areas,1.561792686,2011,ALL
BC,Low,Commercial Cooking,1.286782811,2011,ALL
BC,Medium,Commercial Cooking,1.167478968,2011,ALL
BC,High,Commercial Cooking,1.530853932,2011,ALL
BC,Low,Traffic Density,1.115672576,2011,ALL
BC,Medium,Traffic Density,1.207536672,2011,ALL
BC,High,Traffic Density,1.667871656,2011,ALL
BC,ALL,ALL,1.257391649,2011,ALL
NO,ALL,ALL,32.1891504,2011,ALL
NO2,ALL,ALL,26.0653787,2011,ALL
O3,ALL,ALL,31.60055576,2011,ALL
PM2.5,ALL,ALL,11.21176586,2011,ALL
SO2,ALL,ALL,4.673071631,2011,ALL
BC,ALL,ALL,1.187589365,2010,Winter
NO,ALL,ALL,34.62814818,2010,Winter
NO2,ALL,ALL,27.80460211,2010,Winter
PM2.5,ALL,ALL,10.90784793,2010,Winter
SO2,ALL,ALL,3.880894828,2010,Winter
BC,ALL,ALL,1.248473635,2010,Spring
NO,ALL,ALL,29.15494145,2010,Spring
NO2,ALL,ALL,27.59542498,2010,Spring
PM2.5,ALL,ALL,10.50048173,2010,Spring
BC,ALL,ALL,1.291372834,2010,Summer
NO,ALL,ALL,14.89250152,2010,Summer
NO2,ALL,ALL,22.0749941,2010,Summer
O3,ALL,ALL,31.90241058,2010,Summer
PM2.5,ALL,ALL,12.99825747,2010,Summer
BC,ALL,ALL,1.083061323,2010,Fall
NO,ALL,ALL,32.64895153,2010,Fall
NO2,ALL,ALL,23.56700239,2010,Fall
PM2.5,ALL,ALL,8.065979703,2010,Fall
PM2.5,Low,Boiler PM2.5 Emissions,9.892772421,2010,ALL
PM2.5,Medium,Boiler PM2.5 Emissions,10.47911216,2010,ALL
PM2.5,High,Boiler PM2.5 Emissions,12.54150917,2010,ALL
PM2.5,Low,Commercial Cooking,10.35308455,2010,ALL
PM2.5,Medium,Commercial Cooking,10.11932525,2010,ALL
PM2.5,High,Commercial Cooking,12.42929599,2010,ALL
PM2.5,Low,Traffic Density,9.926575949,2010,ALL
PM2.5,Medium,Traffic Density,10.20342422,2010,ALL
PM2.5,High,Traffic Density,12.76955117,2010,ALL
NO2,Low,Building Density,22.1761409,2010,ALL
NO2,Medium,Building Density,24.97331994,2010,ALL
NO2,High,Building Density,33.64317195,2010,ALL
NO2,Low,Traffic NOx Emissions,22.8942836,2010,ALL
NO2,Medium,Traffic NOx Emissions,24.51824819,2010,ALL
NO2,High,Traffic NOx Emissions,32.86541017,2010,ALL
O3,Low,Traffic Density,34.45220795,2010,ALL
O3,Medium,Traffic Density,32.53096406,2010,ALL
O3,High,Traffic Density,27.12916969,2010,ALL
NO,Low,Boiler Density,22.40981841,2010,ALL
NO,Medium,Boiler Density,30.11818911,2010,ALL
NO,High,Boiler Density,40.30652527,2010,ALL
NO,Low,Traffic NOx Emissions,22.55756683,2010,ALL
NO,Medium,Traffic NOx Emissions,25.14241098,2010,ALL
NO,High,Traffic NOx Emissions,45.00531277,2010,ALL
BC,Low,Industrial Areas,1.184725664,2010,ALL
BC,Medium,Industrial Areas,1.177661001,2010,ALL
BC,High,Industrial Areas,1.527352431,2010,ALL
BC,Low,Commercial Cooking,1.251018139,2010,ALL
BC,Medium,Commercial Cooking,1.096847898,2010,ALL
BC,High,Commercial Cooking,1.516679975,2010,ALL
BC,Low,Traffic Density,1.082421,2010,ALL
BC,Medium,Traffic Density,1.14002509,2010,ALL
BC,High,Traffic Density,1.649808435,2010,ALL
BC,ALL,ALL,1.202624289,2010,ALL
NO,ALL,ALL,27.83113567,2010,ALL
NO2,ALL,ALL,25.26050589,2010,ALL
O3,ALL,ALL,31.90241058,2010,ALL
PM2.5,ALL,ALL,10.61814171,2010,ALL
SO2,ALL,ALL,3.880894828,2010,ALL
BC,ALL,ALL,1.334212368,2009,Winter
NO,ALL,ALL,42.38087771,2009,Winter
NO2,ALL,ALL,32.31062524,2009,Winter
PM2.5,ALL,ALL,14.05915466,2009,Winter
SO2,ALL,ALL,5.376370949,2009,Winter
BC,ALL,ALL,1.128995265,2009,Spring
NO,ALL,ALL,28.65499989,2009,Spring
NO2,ALL,ALL,28.09379316,2009,Spring
PM2.5,ALL,ALL,11.32461144,2009,Spring
BC,ALL,ALL,1.29285404,2009,Summer
NO,ALL,ALL,20.42267946,2009,Summer
NO2,ALL,ALL,23.89728485,2009,Summer
O3,ALL,ALL,24.31101113,2009,Summer
PM2.5,ALL,ALL,11.6727137,2009,Summer
BC,ALL,ALL,1.258108654,2009,Fall
NO,ALL,ALL,34.64438646,2009,Fall
NO2,ALL,ALL,24.99139183,2009,Fall
PM2.5,ALL,ALL,8.549107957,2009,Fall
PM2.5,Low,Boiler PM2.5 Emissions,10.60639904,2009,ALL
PM2.5,Medium,Boiler PM2.5 Emissions,11.33454033,2009,ALL
PM2.5,High,Boiler PM2.5 Emissions,13.5036169,2009,ALL
PM2.5,Low,Commercial Cooking,11.09750296,2009,ALL
PM2.5,Medium,Commercial Cooking,10.96906496,2009,ALL
PM2.5,High,Commercial Cooking,13.37156646,2009,ALL
PM2.5,Low,Traffic Density,10.84411525,2009,ALL
PM2.5,Medium,Traffic Density,10.87118072,2009,ALL
PM2.5,High,Traffic Density,13.72790703,2009,ALL
NO2,Low,Building Density,24.19314306,2009,ALL
NO2,Medium,Building Density,27.17774182,2009,ALL
NO2,High,Building Density,37.52689645,2009,ALL
NO2,Low,Traffic NOx Emissions,25.11159417,2009,ALL
NO2,Medium,Traffic NOx Emissions,26.41653902,2009,ALL
NO2,High,Traffic NOx Emissions,36.78694318,2009,ALL
O3,Low,Traffic Density,27.08090034,2009,ALL
O3,Medium,Traffic Density,24.93362708,2009,ALL
O3,High,Traffic Density,20.03479501,2009,ALL
NO,Low,Boiler Density,25.57578897,2009,ALL
NO,Medium,Boiler Density,32.68157048,2009,ALL
NO,High,Boiler Density,48.71445715,2009,ALL
NO,Low,Traffic NOx Emissions,26.0011253,2009,ALL
NO,Medium,Traffic NOx Emissions,27.57421374,2009,ALL
NO,High,Traffic NOx Emissions,53.31782313,2009,ALL
BC,Low,Industrial Areas,1.242149054,2009,ALL
BC,Medium,Industrial Areas,1.224791935,2009,ALL
BC,High,Industrial Areas,1.615931926,2009,ALL
BC,Low,Commercial Cooking,1.289975071,2009,ALL
BC,Medium,Commercial Cooking,1.171950029,2009,ALL
BC,High,Commercial Cooking,1.595489564,2009,ALL
BC,Low,Traffic Density,1.152112783,2009,ALL
BC,Medium,Traffic Density,1.175561384,2009,ALL
BC,High,Traffic Density,1.735641748,2009,ALL
BC,ALL,ALL,1.253476953,2009,ALL
NO,ALL,ALL,31.54427187,2009,ALL
NO2,ALL,ALL,27.32899329,2009,ALL
O3,ALL,ALL,24.31101113,2009,ALL
PM2.5,ALL,ALL,11.40139694,2009,ALL
SO2,ALL,ALL,5.376370949,2009,ALL
