CD,CD Name,Wage,Scenario,Variable,Value
101,Financial District,a20,scen1,poverty,15.16797
102,Greenwich Village and Soho,a20,scen1,poverty,15.16797
103,Lower East Side and Chinatown,a20,scen1,poverty,40.44347
104,Clinton and Chelsea,a20,scen1,poverty,17.5968
105,Midtown,a20,scen1,poverty,14.74092
106,Stuyvesant Town and Turtle Bay,a20,scen1,poverty,14.74092
107,Upper West Side,a20,scen1,poverty,18.27027
108,Upper East Side,a20,scen1,poverty,7.6701
109,Morningside Heights and Hamilton Heights,a20,scen1,poverty,47.75693
110,Central Harlem,a20,scen1,poverty,37.81938
111,East Harlem,a20,scen1,poverty,53.88589
112,Washington Heights and Inwood,a20,scen1,poverty,31.02864
201,Mott Haven and Melrose,a20,scen1,poverty,55.32268
202,Hunts Point and Longwood,a20,scen1,poverty,55.32268
203,Morrisania and Crotona,a20,scen1,poverty,62.54561
204,Highbridge and Concourse,a20,scen1,poverty,51.60893
205,Fordham and University Heights,a20,scen1,poverty,56.44185
206,Belmont and East Tremont,a20,scen1,poverty,62.54561
207,Kingsbridge Heights and Bedford,a20,scen1,poverty,50.46542
208,Riverdale and Fieldston,a20,scen1,poverty,30.28773
209,Parkchester and Soundview,a20,scen1,poverty,55.32271
210,Throgs Neck and Co-op City,a20,scen1,poverty,28.13322
211,Morris Park and Bronxdale,a20,scen1,poverty,34.09114
212,Williamsbridge and Baychester,a20,scen1,poverty,35.38598
301,Greenpoint and Williamsburg,a20,scen1,poverty,28.25585
302,Fort Greene and Brooklyn Heights,a20,scen1,poverty,19.81512
303,Bedford Stuyvesant,a20,scen1,poverty,35.66131
304,Bushwick,a20,scen1,poverty,27.51382
305,East New York and Starrett City,a20,scen1,poverty,40.55722
306,Park Slope and Carroll Gardens,a20,scen1,poverty,15.18009
307,Sunset Park,a20,scen1,poverty,30.94145
308,Crown Heights and Prospect Heights,a20,scen1,poverty,28.07815
309,South Crown Heights and Lefferts Gardens,a20,scen1,poverty,29.64882
310,Bay Ridge and Dyker Heights,a20,scen1,poverty,26.38466
311,Bensonhurst,a20,scen1,poverty,37.38443
312,Borough Park,a20,scen1,poverty,49.97342
313,Coney Island,a20,scen1,poverty,35.488
314,Flatbush and Midwood,a20,scen1,poverty,26.51179
315,Sheepshead Bay,a20,scen1,poverty,32.66007
316,Brownsville,a20,scen1,poverty,53.63717
317,East Flatbush,a20,scen1,poverty,32.91052
318,Flatlands and Canarsie,a20,scen1,poverty,21.44889
401,Long Island City and Astoria,a20,scen1,poverty,25.38999
402,Woodside and Sunnyside,a20,scen1,poverty,21.47577
403,Jackson Heights,a20,scen1,poverty,36.49888
404,Elmhurst and Corona,a20,scen1,poverty,33.28772
405,Ridgewood and Maspeth,a20,scen1,poverty,22.17034
406,Rego Park and Forest Hills,a20,scen1,poverty,19.26387
407,Flushing and Whitestone,a20,scen1,poverty,36.10151
408,Hillcrest and Fresh Meadows,a20,scen1,poverty,34.425
409,Kew Gardens and Woodhaven,a20,scen1,poverty,22.53714
410,South Ozone Park and Howard Beach,a20,scen1,poverty,30.25781
411,Bayside and Little Neck,a20,scen1,poverty,17.76498
412,Jamaica and Hollis,a20,scen1,poverty,27.58466
413,Queens Village,a20,scen1,poverty,16.89251
414,Rockaway and Broad Channel,a20,scen1,poverty,38.64385
501,St. George and Stapleton,a20,scen1,poverty,37.23934
502,South Beach and Willowbrook,a20,scen1,poverty,18.28579
503,Tottenville and Great Kills,a20,scen1,poverty,16.99965
101,Financial District,a20,scen1,prematuremort,103.0214
102,Greenwich Village and Soho,a20,scen1,prematuremort,103.0214
103,Lower East Side and Chinatown,a20,scen1,prematuremort,200.3904
104,Clinton and Chelsea,a20,scen1,prematuremort,84.95309
105,Midtown,a20,scen1,prematuremort,69.67461
106,Stuyvesant Town and Turtle Bay,a20,scen1,prematuremort,69.67461
107,Upper West Side,a20,scen1,prematuremort,142.5762
108,Upper East Side,a20,scen1,prematuremort,98.05856
109,Morningside Heights and Hamilton Heights,a20,scen1,prematuremort,244.2478
110,Central Harlem,a20,scen1,prematuremort,311.574
111,East Harlem,a20,scen1,prematuremort,342.9771
112,Washington Heights and Inwood,a20,scen1,prematuremort,208.0673
201,Mott Haven and Melrose,a20,scen1,prematuremort,330.8354
202,Hunts Point and Longwood,a20,scen1,prematuremort,330.8354
203,Morrisania and Crotona,a20,scen1,prematuremort,386.524
204,Highbridge and Concourse,a20,scen1,prematuremort,334.8625
205,Fordham and University Heights,a20,scen1,prematuremort,397.4576
206,Belmont and East Tremont,a20,scen1,prematuremort,386.524
207,Kingsbridge Heights and Bedford,a20,scen1,prematuremort,288.9143
208,Riverdale and Fieldston,a20,scen1,prematuremort,220.635
209,Parkchester and Soundview,a20,scen1,prematuremort,337.5115
210,Throgs Neck and Co-op City,a20,scen1,prematuremort,238.3234
211,Morris Park and Bronxdale,a20,scen1,prematuremort,242.0142
212,Williamsbridge and Baychester,a20,scen1,prematuremort,309.5321
301,Greenpoint and Williamsburg,a20,scen1,prematuremort,147.9316
302,Fort Greene and Brooklyn Heights,a20,scen1,prematuremort,133.7412
303,Bedford Stuyvesant,a20,scen1,prematuremort,274.9337
304,Bushwick,a20,scen1,prematuremort,173.8575
305,East New York and Starrett City,a20,scen1,prematuremort,340.3011
306,Park Slope and Carroll Gardens,a20,scen1,prematuremort,120.5779
307,Sunset Park,a20,scen1,prematuremort,156.3371
308,Crown Heights and Prospect Heights,a20,scen1,prematuremort,248.5306
309,South Crown Heights and Lefferts Gardens,a20,scen1,prematuremort,251.6643
310,Bay Ridge and Dyker Heights,a20,scen1,prematuremort,147.8424
311,Bensonhurst,a20,scen1,prematuremort,181.0679
312,Borough Park,a20,scen1,prematuremort,248.1007
313,Coney Island,a20,scen1,prematuremort,203.4758
314,Flatbush and Midwood,a20,scen1,prematuremort,167.8148
315,Sheepshead Bay,a20,scen1,prematuremort,150.3645
316,Brownsville,a20,scen1,prematuremort,419.4551
317,East Flatbush,a20,scen1,prematuremort,286.9644
318,Flatlands and Canarsie,a20,scen1,prematuremort,240.8911
401,Long Island City and Astoria,a20,scen1,prematuremort,130.6488
402,Woodside and Sunnyside,a20,scen1,prematuremort,72.25916
403,Jackson Heights,a20,scen1,prematuremort,164.4704
404,Elmhurst and Corona,a20,scen1,prematuremort,145.9516
405,Ridgewood and Maspeth,a20,scen1,prematuremort,158.106
406,Rego Park and Forest Hills,a20,scen1,prematuremort,106.3148
407,Flushing and Whitestone,a20,scen1,prematuremort,158.3563
408,Hillcrest and Fresh Meadows,a20,scen1,prematuremort,170.2344
409,Kew Gardens and Woodhaven,a20,scen1,prematuremort,124.9944
410,South Ozone Park and Howard Beach,a20,scen1,prematuremort,181.2794
411,Bayside and Little Neck,a20,scen1,prematuremort,89.73347
412,Jamaica and Hollis,a20,scen1,prematuremort,229.8123
413,Queens Village,a20,scen1,prematuremort,207.1398
414,Rockaway and Broad Channel,a20,scen1,prematuremort,313.6085
501,St. George and Stapleton,a20,scen1,prematuremort,282.4008
502,South Beach and Willowbrook,a20,scen1,prematuremort,155.9827
503,Tottenville and Great Kills,a20,scen1,prematuremort,162.7137
101,Financial District,a20,scen2,poverty,15.0389
102,Greenwich Village and Soho,a20,scen2,poverty,15.0389
103,Lower East Side and Chinatown,a20,scen2,poverty,40.3767
104,Clinton and Chelsea,a20,scen2,poverty,17.5968
105,Midtown,a20,scen2,poverty,14.74092
106,Stuyvesant Town and Turtle Bay,a20,scen2,poverty,14.74092
107,Upper West Side,a20,scen2,poverty,18.27027
108,Upper East Side,a20,scen2,poverty,7.6701
109,Morningside Heights and Hamilton Heights,a20,scen2,poverty,47.75693
110,Central Harlem,a20,scen2,poverty,37.81938
111,East Harlem,a20,scen2,poverty,53.70981
112,Washington Heights and Inwood,a20,scen2,poverty,31.02864
201,Mott Haven and Melrose,a20,scen2,poverty,55.16101
202,Hunts Point and Longwood,a20,scen2,poverty,55.16101
203,Morrisania and Crotona,a20,scen2,poverty,62.41067
204,Highbridge and Concourse,a20,scen2,poverty,51.60893
205,Fordham and University Heights,a20,scen2,poverty,55.8498
206,Belmont and East Tremont,a20,scen2,poverty,62.41067
207,Kingsbridge Heights and Bedford,a20,scen2,poverty,47.52484
208,Riverdale and Fieldston,a20,scen2,poverty,29.79739
209,Parkchester and Soundview,a20,scen2,poverty,55.09739
210,Throgs Neck and Co-op City,a20,scen2,poverty,28.13322
211,Morris Park and Bronxdale,a20,scen2,poverty,34.09114
212,Williamsbridge and Baychester,a20,scen2,poverty,35.38598
301,Greenpoint and Williamsburg,a20,scen2,poverty,28.2047
302,Fort Greene and Brooklyn Heights,a20,scen2,poverty,19.71017
303,Bedford Stuyvesant,a20,scen2,poverty,35.62409
304,Bushwick,a20,scen2,poverty,27.50072
305,East New York and Starrett City,a20,scen2,poverty,40.17918
306,Park Slope and Carroll Gardens,a20,scen2,poverty,15.18009
307,Sunset Park,a20,scen2,poverty,30.13875
308,Crown Heights and Prospect Heights,a20,scen2,poverty,26.66609
309,South Crown Heights and Lefferts Gardens,a20,scen2,poverty,28.40847
310,Bay Ridge and Dyker Heights,a20,scen2,poverty,25.99886
311,Bensonhurst,a20,scen2,poverty,35.99957
312,Borough Park,a20,scen2,poverty,49.97342
313,Coney Island,a20,scen2,poverty,35.43763
314,Flatbush and Midwood,a20,scen2,poverty,25.40464
315,Sheepshead Bay,a20,scen2,poverty,32.66007
316,Brownsville,a20,scen2,poverty,53.34116
317,East Flatbush,a20,scen2,poverty,32.91052
318,Flatlands and Canarsie,a20,scen2,poverty,21.44889
401,Long Island City and Astoria,a20,scen2,poverty,25.38999
402,Woodside and Sunnyside,a20,scen2,poverty,21.22104
403,Jackson Heights,a20,scen2,poverty,36.36517
404,Elmhurst and Corona,a20,scen2,poverty,32.77734
405,Ridgewood and Maspeth,a20,scen2,poverty,21.89546
406,Rego Park and Forest Hills,a20,scen2,poverty,19.20199
407,Flushing and Whitestone,a20,scen2,poverty,35.88044
408,Hillcrest and Fresh Meadows,a20,scen2,poverty,33.71452
409,Kew Gardens and Woodhaven,a20,scen2,poverty,22.33078
410,South Ozone Park and Howard Beach,a20,scen2,poverty,29.99967
411,Bayside and Little Neck,a20,scen2,poverty,17.48379
412,Jamaica and Hollis,a20,scen2,poverty,27.20666
413,Queens Village,a20,scen2,poverty,16.81111
414,Rockaway and Broad Channel,a20,scen2,poverty,38.33627
501,St. George and Stapleton,a20,scen2,poverty,36.57968
502,South Beach and Willowbrook,a20,scen2,poverty,18.28579
503,Tottenville and Great Kills,a20,scen2,poverty,16.99965
101,Financial District,a20,scen2,prematuremort,102.567
102,Greenwich Village and Soho,a20,scen2,prematuremort,102.567
103,Lower East Side and Chinatown,a20,scen2,prematuremort,200.1553
104,Clinton and Chelsea,a20,scen2,prematuremort,84.95309
105,Midtown,a20,scen2,prematuremort,69.67461
106,Stuyvesant Town and Turtle Bay,a20,scen2,prematuremort,69.67461
107,Upper West Side,a20,scen2,prematuremort,142.5762
108,Upper East Side,a20,scen2,prematuremort,98.05856
109,Morningside Heights and Hamilton Heights,a20,scen2,prematuremort,244.2478
110,Central Harlem,a20,scen2,prematuremort,311.574
111,East Harlem,a20,scen2,prematuremort,342.3572
112,Washington Heights and Inwood,a20,scen2,prematuremort,208.0673
201,Mott Haven and Melrose,a20,scen2,prematuremort,330.2662
202,Hunts Point and Longwood,a20,scen2,prematuremort,330.2662
203,Morrisania and Crotona,a20,scen2,prematuremort,386.049
204,Highbridge and Concourse,a20,scen2,prematuremort,334.8625
205,Fordham and University Heights,a20,scen2,prematuremort,395.3733
206,Belmont and East Tremont,a20,scen2,prematuremort,386.049
207,Kingsbridge Heights and Bedford,a20,scen2,prematuremort,278.5616
208,Riverdale and Fieldston,a20,scen2,prematuremort,218.9087
209,Parkchester and Soundview,a20,scen2,prematuremort,336.7182
210,Throgs Neck and Co-op City,a20,scen2,prematuremort,238.3234
211,Morris Park and Bronxdale,a20,scen2,prematuremort,242.0142
212,Williamsbridge and Baychester,a20,scen2,prematuremort,309.5321
301,Greenpoint and Williamsburg,a20,scen2,prematuremort,147.7515
302,Fort Greene and Brooklyn Heights,a20,scen2,prematuremort,133.3717
303,Bedford Stuyvesant,a20,scen2,prematuremort,274.8027
304,Bushwick,a20,scen2,prematuremort,173.8114
305,East New York and Starrett City,a20,scen2,prematuremort,338.9701
306,Park Slope and Carroll Gardens,a20,scen2,prematuremort,120.5779
307,Sunset Park,a20,scen2,prematuremort,153.511
308,Crown Heights and Prospect Heights,a20,scen2,prematuremort,243.5593
309,South Crown Heights and Lefferts Gardens,a20,scen2,prematuremort,247.2975
310,Bay Ridge and Dyker Heights,a20,scen2,prematuremort,146.4841
311,Bensonhurst,a20,scen2,prematuremort,176.1924
312,Borough Park,a20,scen2,prematuremort,248.1007
313,Coney Island,a20,scen2,prematuremort,203.2984
314,Flatbush and Midwood,a20,scen2,prematuremort,163.9169
315,Sheepshead Bay,a20,scen2,prematuremort,150.3645
316,Brownsville,a20,scen2,prematuremort,418.4129
317,East Flatbush,a20,scen2,prematuremort,286.9644
318,Flatlands and Canarsie,a20,scen2,prematuremort,240.8911
401,Long Island City and Astoria,a20,scen2,prematuremort,130.6488
402,Woodside and Sunnyside,a20,scen2,prematuremort,71.36236
403,Jackson Heights,a20,scen2,prematuremort,163.9997
404,Elmhurst and Corona,a20,scen2,prematuremort,144.1547
405,Ridgewood and Maspeth,a20,scen2,prematuremort,157.1383
406,Rego Park and Forest Hills,a20,scen2,prematuremort,106.0969
407,Flushing and Whitestone,a20,scen2,prematuremort,157.578
408,Hillcrest and Fresh Meadows,a20,scen2,prematuremort,167.7331
409,Kew Gardens and Woodhaven,a20,scen2,prematuremort,124.2678
410,South Ozone Park and Howard Beach,a20,scen2,prematuremort,180.3706
411,Bayside and Little Neck,a20,scen2,prematuremort,88.74352
412,Jamaica and Hollis,a20,scen2,prematuremort,228.4815
413,Queens Village,a20,scen2,prematuremort,206.8532
414,Rockaway and Broad Channel,a20,scen2,prematuremort,312.5256
501,St. George and Stapleton,a20,scen2,prematuremort,280.0784
502,South Beach and Willowbrook,a20,scen2,prematuremort,155.9827
503,Tottenville and Great Kills,a20,scen2,prematuremort,162.7137
101,Financial District,a20,scen3,poverty,16.202
102,Greenwich Village and Soho,a20,scen3,poverty,16.202
103,Lower East Side and Chinatown,a20,scen3,poverty,40.73136
104,Clinton and Chelsea,a20,scen3,poverty,17.5968
105,Midtown,a20,scen3,poverty,15.93814
106,Stuyvesant Town and Turtle Bay,a20,scen3,poverty,15.93814
107,Upper West Side,a20,scen3,poverty,18.39176
108,Upper East Side,a20,scen3,poverty,7.92887
109,Morningside Heights and Hamilton Heights,a20,scen3,poverty,47.78152
110,Central Harlem,a20,scen3,poverty,38.6702
111,East Harlem,a20,scen3,poverty,54.18485
112,Washington Heights and Inwood,a20,scen3,poverty,32.88742
201,Mott Haven and Melrose,a20,scen3,poverty,56.80903
202,Hunts Point and Longwood,a20,scen3,poverty,56.80903
203,Morrisania and Crotona,a20,scen3,poverty,65.00503
204,Highbridge and Concourse,a20,scen3,poverty,53.32799
205,Fordham and University Heights,a20,scen3,poverty,58.23068
206,Belmont and East Tremont,a20,scen3,poverty,65.00503
207,Kingsbridge Heights and Bedford,a20,scen3,poverty,52.71288
208,Riverdale and Fieldston,a20,scen3,poverty,31.6755
209,Parkchester and Soundview,a20,scen3,poverty,56.86312
210,Throgs Neck and Co-op City,a20,scen3,poverty,29.71815
211,Morris Park and Bronxdale,a20,scen3,poverty,35.05198
212,Williamsbridge and Baychester,a20,scen3,poverty,35.6505
301,Greenpoint and Williamsburg,a20,scen3,poverty,28.84259
302,Fort Greene and Brooklyn Heights,a20,scen3,poverty,20.82713
303,Bedford Stuyvesant,a20,scen3,poverty,38.44461
304,Bushwick,a20,scen3,poverty,28.77669
305,East New York and Starrett City,a20,scen3,poverty,41.52142
306,Park Slope and Carroll Gardens,a20,scen3,poverty,15.23926
307,Sunset Park,a20,scen3,poverty,31.07118
308,Crown Heights and Prospect Heights,a20,scen3,poverty,28.07815
309,South Crown Heights and Lefferts Gardens,a20,scen3,poverty,30.52429
310,Bay Ridge and Dyker Heights,a20,scen3,poverty,27.37224
311,Bensonhurst,a20,scen3,poverty,38.29885
312,Borough Park,a20,scen3,poverty,50.45892
313,Coney Island,a20,scen3,poverty,36.13194
314,Flatbush and Midwood,a20,scen3,poverty,27.23992
315,Sheepshead Bay,a20,scen3,poverty,33.02081
316,Brownsville,a20,scen3,poverty,54.45928
317,East Flatbush,a20,scen3,poverty,33.86619
318,Flatlands and Canarsie,a20,scen3,poverty,22.18191
401,Long Island City and Astoria,a20,scen3,poverty,25.81817
402,Woodside and Sunnyside,a20,scen3,poverty,22.35508
403,Jackson Heights,a20,scen3,poverty,39.90604
404,Elmhurst and Corona,a20,scen3,poverty,36.47607
405,Ridgewood and Maspeth,a20,scen3,poverty,23.3433
406,Rego Park and Forest Hills,a20,scen3,poverty,19.38762
407,Flushing and Whitestone,a20,scen3,poverty,36.53132
408,Hillcrest and Fresh Meadows,a20,scen3,poverty,36.74792
409,Kew Gardens and Woodhaven,a20,scen3,poverty,25.16239
410,South Ozone Park and Howard Beach,a20,scen3,poverty,31.47335
411,Bayside and Little Neck,a20,scen3,poverty,17.76498
412,Jamaica and Hollis,a20,scen3,poverty,28.98399
413,Queens Village,a20,scen3,poverty,18.53991
414,Rockaway and Broad Channel,a20,scen3,poverty,38.93631
501,St. George and Stapleton,a20,scen3,poverty,37.61417
502,South Beach and Willowbrook,a20,scen3,poverty,18.49146
503,Tottenville and Great Kills,a20,scen3,poverty,17.12638
101,Financial District,a20,scen3,prematuremort,106.6618
102,Greenwich Village and Soho,a20,scen3,prematuremort,106.6618
103,Lower East Side and Chinatown,a20,scen3,prematuremort,201.4039
104,Clinton and Chelsea,a20,scen3,prematuremort,84.95309
105,Midtown,a20,scen3,prematuremort,73.88956
106,Stuyvesant Town and Turtle Bay,a20,scen3,prematuremort,73.88956
107,Upper West Side,a20,scen3,prematuremort,143.0039
108,Upper East Side,a20,scen3,prematuremort,98.96959
109,Morningside Heights and Hamilton Heights,a20,scen3,prematuremort,244.3343
110,Central Harlem,a20,scen3,prematuremort,314.5694
111,East Harlem,a20,scen3,prematuremort,344.0297
112,Washington Heights and Inwood,a20,scen3,prematuremort,214.6114
201,Mott Haven and Melrose,a20,scen3,prematuremort,336.0682
202,Hunts Point and Longwood,a20,scen3,prematuremort,336.0682
203,Morrisania and Crotona,a20,scen3,prematuremort,395.1827
204,Highbridge and Concourse,a20,scen3,prematuremort,340.9147
205,Fordham and University Heights,a20,scen3,prematuremort,403.7554
206,Belmont and East Tremont,a20,scen3,prematuremort,395.1827
207,Kingsbridge Heights and Bedford,a20,scen3,prematuremort,296.8268
208,Riverdale and Fieldston,a20,scen3,prematuremort,225.5208
209,Parkchester and Soundview,a20,scen3,prematuremort,342.9347
210,Throgs Neck and Co-op City,a20,scen3,prematuremort,243.9033
211,Morris Park and Bronxdale,a20,scen3,prematuremort,245.397
212,Williamsbridge and Baychester,a20,scen3,prematuremort,310.4633
301,Greenpoint and Williamsburg,a20,scen3,prematuremort,149.9973
302,Fort Greene and Brooklyn Heights,a20,scen3,prematuremort,137.3041
303,Bedford Stuyvesant,a20,scen3,prematuremort,284.7326
304,Bushwick,a20,scen3,prematuremort,178.3036
305,East New York and Starrett City,a20,scen3,prematuremort,343.6956
306,Park Slope and Carroll Gardens,a20,scen3,prematuremort,120.7862
307,Sunset Park,a20,scen3,prematuremort,156.7938
308,Crown Heights and Prospect Heights,a20,scen3,prematuremort,248.5306
309,South Crown Heights and Lefferts Gardens,a20,scen3,prematuremort,254.7465
310,Bay Ridge and Dyker Heights,a20,scen3,prematuremort,151.3193
311,Bensonhurst,a20,scen3,prematuremort,184.2872
312,Borough Park,a20,scen3,prematuremort,249.81
313,Coney Island,a20,scen3,prematuremort,205.7428
314,Flatbush and Midwood,a20,scen3,prematuremort,170.3783
315,Sheepshead Bay,a20,scen3,prematuremort,151.6346
316,Brownsville,a20,scen3,prematuremort,422.3494
317,East Flatbush,a20,scen3,prematuremort,290.3289
318,Flatlands and Canarsie,a20,scen3,prematuremort,243.4718
401,Long Island City and Astoria,a20,scen3,prematuremort,132.1562
402,Woodside and Sunnyside,a20,scen3,prematuremort,75.35488
403,Jackson Heights,a20,scen3,prematuremort,176.4657
404,Elmhurst and Corona,a20,scen3,prematuremort,157.1765
405,Ridgewood and Maspeth,a20,scen3,prematuremort,162.2355
406,Rego Park and Forest Hills,a20,scen3,prematuremort,106.7505
407,Flushing and Whitestone,a20,scen3,prematuremort,159.8695
408,Hillcrest and Fresh Meadows,a20,scen3,prematuremort,178.4126
409,Kew Gardens and Woodhaven,a20,scen3,prematuremort,134.2369
410,South Ozone Park and Howard Beach,a20,scen3,prematuremort,185.5588
411,Bayside and Little Neck,a20,scen3,prematuremort,89.73347
412,Jamaica and Hollis,a20,scen3,prematuremort,234.7388
413,Queens Village,a20,scen3,prematuremort,212.9396
414,Rockaway and Broad Channel,a20,scen3,prematuremort,314.6381
501,St. George and Stapleton,a20,scen3,prematuremort,283.7204
502,South Beach and Willowbrook,a20,scen3,prematuremort,156.7067
503,Tottenville and Great Kills,a20,scen3,prematuremort,163.1598
101,Financial District,b30,scen1,poverty,14.65693
102,Greenwich Village and Soho,b30,scen1,poverty,14.65693
103,Lower East Side and Chinatown,b30,scen1,poverty,34.8156
104,Clinton and Chelsea,b30,scen1,poverty,17.11181
105,Midtown,b30,scen1,poverty,14.39544
106,Stuyvesant Town and Turtle Bay,b30,scen1,poverty,14.39544
107,Upper West Side,b30,scen1,poverty,17.65784
108,Upper East Side,b30,scen1,poverty,7.34001
109,Morningside Heights and Hamilton Heights,b30,scen1,poverty,42.3675
110,Central Harlem,b30,scen1,poverty,35.24788
111,East Harlem,b30,scen1,poverty,49.21198
112,Washington Heights and Inwood,b30,scen1,poverty,26.07756
201,Mott Haven and Melrose,b30,scen1,poverty,50.87846
202,Hunts Point and Longwood,b30,scen1,poverty,50.87846
203,Morrisania and Crotona,b30,scen1,poverty,57.76381
204,Highbridge and Concourse,b30,scen1,poverty,46.6121
205,Fordham and University Heights,b30,scen1,poverty,48.81646
206,Belmont and East Tremont,b30,scen1,poverty,57.76381
207,Kingsbridge Heights and Bedford,b30,scen1,poverty,41.78996
208,Riverdale and Fieldston,b30,scen1,poverty,25.15695
209,Parkchester and Soundview,b30,scen1,poverty,45.94397
210,Throgs Neck and Co-op City,b30,scen1,poverty,23.91488
211,Morris Park and Bronxdale,b30,scen1,poverty,30.35231
212,Williamsbridge and Baychester,b30,scen1,poverty,28.28334
301,Greenpoint and Williamsburg,b30,scen1,poverty,25.33763
302,Fort Greene and Brooklyn Heights,b30,scen1,poverty,17.92705
303,Bedford Stuyvesant,b30,scen1,poverty,32.48149
304,Bushwick,b30,scen1,poverty,22.79356
305,East New York and Starrett City,b30,scen1,poverty,31.55642
306,Park Slope and Carroll Gardens,b30,scen1,poverty,13.80512
307,Sunset Park,b30,scen1,poverty,25.23843
308,Crown Heights and Prospect Heights,b30,scen1,poverty,24.89244
309,South Crown Heights and Lefferts Gardens,b30,scen1,poverty,26.27148
310,Bay Ridge and Dyker Heights,b30,scen1,poverty,22.53843
311,Bensonhurst,b30,scen1,poverty,29.04476
312,Borough Park,b30,scen1,poverty,44.24795
313,Coney Island,b30,scen1,poverty,29.09343
314,Flatbush and Midwood,b30,scen1,poverty,24.18559
315,Sheepshead Bay,b30,scen1,poverty,25.36987
316,Brownsville,b30,scen1,poverty,50.1522
317,East Flatbush,b30,scen1,poverty,27.77226
318,Flatlands and Canarsie,b30,scen1,poverty,19.50477
401,Long Island City and Astoria,b30,scen1,poverty,21.56642
402,Woodside and Sunnyside,b30,scen1,poverty,17.03667
403,Jackson Heights,b30,scen1,poverty,29.06056
404,Elmhurst and Corona,b30,scen1,poverty,27.24079
405,Ridgewood and Maspeth,b30,scen1,poverty,19.01124
406,Rego Park and Forest Hills,b30,scen1,poverty,17.90253
407,Flushing and Whitestone,b30,scen1,poverty,28.96117
408,Hillcrest and Fresh Meadows,b30,scen1,poverty,29.68969
409,Kew Gardens and Woodhaven,b30,scen1,poverty,16.58054
410,South Ozone Park and Howard Beach,b30,scen1,poverty,24.59292
411,Bayside and Little Neck,b30,scen1,poverty,15.91909
412,Jamaica and Hollis,b30,scen1,poverty,24.74259
413,Queens Village,b30,scen1,poverty,13.34645
414,Rockaway and Broad Channel,b30,scen1,poverty,33.19591
501,St. George and Stapleton,b30,scen1,poverty,34.00481
502,South Beach and Willowbrook,b30,scen1,poverty,15.48461
503,Tottenville and Great Kills,b30,scen1,poverty,13.87677
101,Financial District,b30,scen1,prematuremort,101.2222
102,Greenwich Village and Soho,b30,scen1,prematuremort,101.2222
103,Lower East Side and Chinatown,b30,scen1,prematuremort,180.5768
104,Clinton and Chelsea,b30,scen1,prematuremort,83.24562
105,Midtown,b30,scen1,prematuremort,68.45831
106,Stuyvesant Town and Turtle Bay,b30,scen1,prematuremort,68.45831
107,Upper West Side,b30,scen1,prematuremort,140.4201
108,Upper East Side,b30,scen1,prematuremort,96.89644
109,Morningside Heights and Hamilton Heights,b30,scen1,prematuremort,225.2737
110,Central Harlem,b30,scen1,prematuremort,302.5207
111,East Harlem,b30,scen1,prematuremort,326.5221
112,Washington Heights and Inwood,b30,scen1,prematuremort,190.6364
201,Mott Haven and Melrose,b30,scen1,prematuremort,315.1889
202,Hunts Point and Longwood,b30,scen1,prematuremort,315.1889
203,Morrisania and Crotona,b30,scen1,prematuremort,369.6891
204,Highbridge and Concourse,b30,scen1,prematuremort,317.2706
205,Fordham and University Heights,b30,scen1,prematuremort,370.6116
206,Belmont and East Tremont,b30,scen1,prematuremort,369.6891
207,Kingsbridge Heights and Bedford,b30,scen1,prematuremort,258.3713
208,Riverdale and Fieldston,b30,scen1,prematuremort,202.5714
209,Parkchester and Soundview,b30,scen1,prematuremort,304.4926
210,Throgs Neck and Co-op City,b30,scen1,prematuremort,223.4722
211,Morris Park and Bronxdale,b30,scen1,prematuremort,228.8512
212,Williamsbridge and Baychester,b30,scen1,prematuremort,284.5264
301,Greenpoint and Williamsburg,b30,scen1,prematuremort,137.6576
302,Fort Greene and Brooklyn Heights,b30,scen1,prematuremort,127.0941
303,Bedford Stuyvesant,b30,scen1,prematuremort,263.7388
304,Bushwick,b30,scen1,prematuremort,157.2393
305,East New York and Starrett City,b30,scen1,prematuremort,308.6127
306,Park Slope and Carroll Gardens,b30,scen1,prematuremort,115.7371
307,Sunset Park,b30,scen1,prematuremort,136.2589
308,Crown Heights and Prospect Heights,b30,scen1,prematuremort,237.3149
309,South Crown Heights and Lefferts Gardens,b30,scen1,prematuremort,239.774
310,Bay Ridge and Dyker Heights,b30,scen1,prematuremort,134.3013
311,Bensonhurst,b30,scen1,prematuremort,151.7071
312,Borough Park,b30,scen1,prematuremort,227.9435
313,Coney Island,b30,scen1,prematuremort,180.9629
314,Flatbush and Midwood,b30,scen1,prematuremort,159.6251
315,Sheepshead Bay,b30,scen1,prematuremort,124.6985
316,Brownsville,b30,scen1,prematuremort,407.1858
317,East Flatbush,b30,scen1,prematuremort,268.8745
318,Flatlands and Canarsie,b30,scen1,prematuremort,234.0466
401,Long Island City and Astoria,b30,scen1,prematuremort,117.1874
402,Woodside and Sunnyside,b30,scen1,prematuremort,56.63079
403,Jackson Heights,b30,scen1,prematuremort,138.2829
404,Elmhurst and Corona,b30,scen1,prematuremort,124.6626
405,Ridgewood and Maspeth,b30,scen1,prematuremort,146.984
406,Rego Park and Forest Hills,b30,scen1,prematuremort,101.522
407,Flushing and Whitestone,b30,scen1,prematuremort,133.2179
408,Hillcrest and Fresh Meadows,b30,scen1,prematuremort,153.5632
409,Kew Gardens and Woodhaven,b30,scen1,prematuremort,104.0234
410,South Ozone Park and Howard Beach,b30,scen1,prematuremort,161.3354
411,Bayside and Little Neck,b30,scen1,prematuremort,83.2348
412,Jamaica and Hollis,b30,scen1,prematuremort,219.8064
413,Queens Village,b30,scen1,prematuremort,194.6554
414,Rockaway and Broad Channel,b30,scen1,prematuremort,294.4284
501,St. George and Stapleton,b30,scen1,prematuremort,271.0132
502,South Beach and Willowbrook,b30,scen1,prematuremort,146.1208
503,Tottenville and Great Kills,b30,scen1,prematuremort,151.7192
101,Financial District,b30,scen2,poverty,14.65692
102,Greenwich Village and Soho,b30,scen2,poverty,14.65692
103,Lower East Side and Chinatown,b30,scen2,poverty,34.74882
104,Clinton and Chelsea,b30,scen2,poverty,17.11181
105,Midtown,b30,scen2,poverty,14.39544
106,Stuyvesant Town and Turtle Bay,b30,scen2,poverty,14.39544
107,Upper West Side,b30,scen2,poverty,17.65785
108,Upper East Side,b30,scen2,poverty,7.34001
109,Morningside Heights and Hamilton Heights,b30,scen2,poverty,42.3675
110,Central Harlem,b30,scen2,poverty,35.24788
111,East Harlem,b30,scen2,poverty,48.98463
112,Washington Heights and Inwood,b30,scen2,poverty,26.07756
201,Mott Haven and Melrose,b30,scen2,poverty,50.64255
202,Hunts Point and Longwood,b30,scen2,poverty,50.64255
203,Morrisania and Crotona,b30,scen2,poverty,56.43771
204,Highbridge and Concourse,b30,scen2,poverty,45.76564
205,Fordham and University Heights,b30,scen2,poverty,48.37933
206,Belmont and East Tremont,b30,scen2,poverty,56.43771
207,Kingsbridge Heights and Bedford,b30,scen2,poverty,41.22657
208,Riverdale and Fieldston,b30,scen2,poverty,23.95686
209,Parkchester and Soundview,b30,scen2,poverty,44.26217
210,Throgs Neck and Co-op City,b30,scen2,poverty,23.23281
211,Morris Park and Bronxdale,b30,scen2,poverty,29.43081
212,Williamsbridge and Baychester,b30,scen2,poverty,27.84145
301,Greenpoint and Williamsburg,b30,scen2,poverty,25.10947
302,Fort Greene and Brooklyn Heights,b30,scen2,poverty,17.8221
303,Bedford Stuyvesant,b30,scen2,poverty,31.81935
304,Bushwick,b30,scen2,poverty,22.28246
305,East New York and Starrett City,b30,scen2,poverty,29.97593
306,Park Slope and Carroll Gardens,b30,scen2,poverty,13.80512
307,Sunset Park,b30,scen2,poverty,23.9989
308,Crown Heights and Prospect Heights,b30,scen2,poverty,24.39349
309,South Crown Heights and Lefferts Gardens,b30,scen2,poverty,24.57285
310,Bay Ridge and Dyker Heights,b30,scen2,poverty,21.95139
311,Bensonhurst,b30,scen2,poverty,28.38995
312,Borough Park,b30,scen2,poverty,43.97044
313,Coney Island,b30,scen2,poverty,29.04306
314,Flatbush and Midwood,b30,scen2,poverty,21.76956
315,Sheepshead Bay,b30,scen2,poverty,24.9937
316,Brownsville,b30,scen2,poverty,50.03715
317,East Flatbush,b30,scen2,poverty,27.77226
318,Flatlands and Canarsie,b30,scen2,poverty,18.25155
401,Long Island City and Astoria,b30,scen2,poverty,20.87375
402,Woodside and Sunnyside,b30,scen2,poverty,15.42764
403,Jackson Heights,b30,scen2,poverty,27.8849
404,Elmhurst and Corona,b30,scen2,poverty,27.24079
405,Ridgewood and Maspeth,b30,scen2,poverty,18.33684
406,Rego Park and Forest Hills,b30,scen2,poverty,17.58052
407,Flushing and Whitestone,b30,scen2,poverty,27.81733
408,Hillcrest and Fresh Meadows,b30,scen2,poverty,28.18909
409,Kew Gardens and Woodhaven,b30,scen2,poverty,15.73356
410,South Ozone Park and Howard Beach,b30,scen2,poverty,23.46778
411,Bayside and Little Neck,b30,scen2,poverty,15.63789
412,Jamaica and Hollis,b30,scen2,poverty,24.06854
413,Queens Village,b30,scen2,poverty,12.35352
414,Rockaway and Broad Channel,b30,scen2,poverty,30.34676
501,St. George and Stapleton,b30,scen2,poverty,33.92899
502,South Beach and Willowbrook,b30,scen2,poverty,15.48461
503,Tottenville and Great Kills,b30,scen2,poverty,13.14078
101,Financial District,b30,scen2,prematuremort,101.2222
102,Greenwich Village and Soho,b30,scen2,prematuremort,101.2222
103,Lower East Side and Chinatown,b30,scen2,prematuremort,180.3417
104,Clinton and Chelsea,b30,scen2,prematuremort,83.24562
105,Midtown,b30,scen2,prematuremort,68.45831
106,Stuyvesant Town and Turtle Bay,b30,scen2,prematuremort,68.45831
107,Upper West Side,b30,scen2,prematuremort,140.4201
108,Upper East Side,b30,scen2,prematuremort,96.89644
109,Morningside Heights and Hamilton Heights,b30,scen2,prematuremort,225.2737
110,Central Harlem,b30,scen2,prematuremort,302.5207
111,East Harlem,b30,scen2,prematuremort,325.7217
112,Washington Heights and Inwood,b30,scen2,prematuremort,190.6364
201,Mott Haven and Melrose,b30,scen2,prematuremort,314.3584
202,Hunts Point and Longwood,b30,scen2,prematuremort,314.3584
203,Morrisania and Crotona,b30,scen2,prematuremort,365.0204
204,Highbridge and Concourse,b30,scen2,prematuremort,314.2906
205,Fordham and University Heights,b30,scen2,prematuremort,369.0726
206,Belmont and East Tremont,b30,scen2,prematuremort,365.0204
207,Kingsbridge Heights and Bedford,b30,scen2,prematuremort,256.3878
208,Riverdale and Fieldston,b30,scen2,prematuremort,198.3464
209,Parkchester and Soundview,b30,scen2,prematuremort,298.5716
210,Throgs Neck and Co-op City,b30,scen2,prematuremort,221.0709
211,Morris Park and Bronxdale,b30,scen2,prematuremort,225.607
212,Williamsbridge and Baychester,b30,scen2,prematuremort,282.9707
301,Greenpoint and Williamsburg,b30,scen2,prematuremort,136.8544
302,Fort Greene and Brooklyn Heights,b30,scen2,prematuremort,126.7246
303,Bedford Stuyvesant,b30,scen2,prematuremort,261.4076
304,Bushwick,b30,scen2,prematuremort,155.4399
305,East New York and Starrett City,b30,scen2,prematuremort,303.0484
306,Park Slope and Carroll Gardens,b30,scen2,prematuremort,115.7371
307,Sunset Park,b30,scen2,prematuremort,131.895
308,Crown Heights and Prospect Heights,b30,scen2,prematuremort,235.5583
309,South Crown Heights and Lefferts Gardens,b30,scen2,prematuremort,233.7938
310,Bay Ridge and Dyker Heights,b30,scen2,prematuremort,132.2345
311,Bensonhurst,b30,scen2,prematuremort,149.4018
312,Borough Park,b30,scen2,prematuremort,226.9665
313,Coney Island,b30,scen2,prematuremort,180.7856
314,Flatbush and Midwood,b30,scen2,prematuremort,151.1192
315,Sheepshead Bay,b30,scen2,prematuremort,123.3742
316,Brownsville,b30,scen2,prematuremort,406.7808
317,East Flatbush,b30,scen2,prematuremort,268.8745
318,Flatlands and Canarsie,b30,scen2,prematuremort,229.6345
401,Long Island City and Astoria,b30,scen2,prematuremort,114.7488
402,Woodside and Sunnyside,b30,scen2,prematuremort,50.96601
403,Jackson Heights,b30,scen2,prematuremort,134.1439
404,Elmhurst and Corona,b30,scen2,prematuremort,124.6626
405,Ridgewood and Maspeth,b30,scen2,prematuremort,144.6097
406,Rego Park and Forest Hills,b30,scen2,prematuremort,100.3884
407,Flushing and Whitestone,b30,scen2,prematuremort,129.1909
408,Hillcrest and Fresh Meadows,b30,scen2,prematuremort,148.2802
409,Kew Gardens and Woodhaven,b30,scen2,prematuremort,101.0416
410,South Ozone Park and Howard Beach,b30,scen2,prematuremort,157.3743
411,Bayside and Little Neck,b30,scen2,prematuremort,82.2448
412,Jamaica and Hollis,b30,scen2,prematuremort,217.4333
413,Queens Village,b30,scen2,prematuremort,191.1597
414,Rockaway and Broad Channel,b30,scen2,prematuremort,284.3976
501,St. George and Stapleton,b30,scen2,prematuremort,270.7463
502,South Beach and Willowbrook,b30,scen2,prematuremort,146.1208
503,Tottenville and Great Kills,b30,scen2,prematuremort,149.128
101,Financial District,b30,scen3,poverty,15.86703
102,Greenwich Village and Soho,b30,scen3,poverty,15.86703
103,Lower East Side and Chinatown,b30,scen3,poverty,38.44466
104,Clinton and Chelsea,b30,scen3,poverty,18.44921
105,Midtown,b30,scen3,poverty,16.25315
106,Stuyvesant Town and Turtle Bay,b30,scen3,poverty,16.25315
107,Upper West Side,b30,scen3,poverty,18.41738
108,Upper East Side,b30,scen3,poverty,9.03799
109,Morningside Heights and Hamilton Heights,b30,scen3,poverty,46.4065
110,Central Harlem,b30,scen3,poverty,36.32028
111,East Harlem,b30,scen3,poverty,52.1986
112,Washington Heights and Inwood,b30,scen3,poverty,28.28016
201,Mott Haven and Melrose,b30,scen3,poverty,53.41483
202,Hunts Point and Longwood,b30,scen3,poverty,53.41483
203,Morrisania and Crotona,b30,scen3,poverty,60.7644
204,Highbridge and Concourse,b30,scen3,poverty,48.9489
205,Fordham and University Heights,b30,scen3,poverty,54.15434
206,Belmont and East Tremont,b30,scen3,poverty,60.7644
207,Kingsbridge Heights and Bedford,b30,scen3,poverty,45.91827
208,Riverdale and Fieldston,b30,scen3,poverty,29.9745
209,Parkchester and Soundview,b30,scen3,poverty,51.19469
210,Throgs Neck and Co-op City,b30,scen3,poverty,24.53589
211,Morris Park and Bronxdale,b30,scen3,poverty,33.1258
212,Williamsbridge and Baychester,b30,scen3,poverty,31.16449
301,Greenpoint and Williamsburg,b30,scen3,poverty,25.64507
302,Fort Greene and Brooklyn Heights,b30,scen3,poverty,20.02409
303,Bedford Stuyvesant,b30,scen3,poverty,35.33216
304,Bushwick,b30,scen3,poverty,23.64183
305,East New York and Starrett City,b30,scen3,poverty,34.68729
306,Park Slope and Carroll Gardens,b30,scen3,poverty,15.51163
307,Sunset Park,b30,scen3,poverty,29.17389
308,Crown Heights and Prospect Heights,b30,scen3,poverty,27.20689
309,South Crown Heights and Lefferts Gardens,b30,scen3,poverty,29.62142
310,Bay Ridge and Dyker Heights,b30,scen3,poverty,24.94748
311,Bensonhurst,b30,scen3,poverty,32.51741
312,Borough Park,b30,scen3,poverty,47.22812
313,Coney Island,b30,scen3,poverty,33.09463
314,Flatbush and Midwood,b30,scen3,poverty,26.79548
315,Sheepshead Bay,b30,scen3,poverty,28.02499
316,Brownsville,b30,scen3,poverty,51.6598
317,East Flatbush,b30,scen3,poverty,32.0045
318,Flatlands and Canarsie,b30,scen3,poverty,22.56394
401,Long Island City and Astoria,b30,scen3,poverty,24.83159
402,Woodside and Sunnyside,b30,scen3,poverty,21.87464
403,Jackson Heights,b30,scen3,poverty,34.08106
404,Elmhurst and Corona,b30,scen3,poverty,33.60825
405,Ridgewood and Maspeth,b30,scen3,poverty,22.40278
406,Rego Park and Forest Hills,b30,scen3,poverty,19.06906
407,Flushing and Whitestone,b30,scen3,poverty,31.7322
408,Hillcrest and Fresh Meadows,b30,scen3,poverty,31.22338
409,Kew Gardens and Woodhaven,b30,scen3,poverty,24.83312
410,South Ozone Park and Howard Beach,b30,scen3,poverty,27.5174
411,Bayside and Little Neck,b30,scen3,poverty,19.20609
412,Jamaica and Hollis,b30,scen3,poverty,29.1108
413,Queens Village,b30,scen3,poverty,17.43865
414,Rockaway and Broad Channel,b30,scen3,poverty,34.30104
501,St. George and Stapleton,b30,scen3,poverty,35.84137
502,South Beach and Willowbrook,b30,scen3,poverty,16.28296
503,Tottenville and Great Kills,b30,scen3,poverty,17.11011
101,Financial District,b30,scen3,prematuremort,105.4825
102,Greenwich Village and Soho,b30,scen3,prematuremort,105.4825
103,Lower East Side and Chinatown,b30,scen3,prematuremort,193.3533
104,Clinton and Chelsea,b30,scen3,prematuremort,87.9541
105,Midtown,b30,scen3,prematuremort,74.9986
106,Stuyvesant Town and Turtle Bay,b30,scen3,prematuremort,74.9986
107,Upper West Side,b30,scen3,prematuremort,143.0941
108,Upper East Side,b30,scen3,prematuremort,102.8744
109,Morningside Heights and Hamilton Heights,b30,scen3,prematuremort,239.4934
110,Central Harlem,b30,scen3,prematuremort,306.2962
111,East Harlem,b30,scen3,prematuremort,337.0368
112,Washington Heights and Inwood,b30,scen3,prematuremort,198.391
201,Mott Haven and Melrose,b30,scen3,prematuremort,324.1185
202,Hunts Point and Longwood,b30,scen3,prematuremort,324.1185
203,Morrisania and Crotona,b30,scen3,prematuremort,380.2531
204,Highbridge and Concourse,b30,scen3,prematuremort,325.4976
205,Fordham and University Heights,b30,scen3,prematuremort,389.4042
206,Belmont and East Tremont,b30,scen3,prematuremort,380.2531
207,Kingsbridge Heights and Bedford,b30,scen3,prematuremort,272.9055
208,Riverdale and Fieldston,b30,scen3,prematuremort,219.5322
209,Parkchester and Soundview,b30,scen3,prematuremort,322.9783
210,Throgs Neck and Co-op City,b30,scen3,prematuremort,225.6585
211,Morris Park and Bronxdale,b30,scen3,prematuremort,238.6156
212,Williamsbridge and Baychester,b30,scen3,prematuremort,294.6698
301,Greenpoint and Williamsburg,b30,scen3,prematuremort,138.74
302,Fort Greene and Brooklyn Heights,b30,scen3,prematuremort,134.4769
303,Bedford Stuyvesant,b30,scen3,prematuremort,273.7749
304,Bushwick,b30,scen3,prematuremort,160.2257
305,East New York and Starrett City,b30,scen3,prematuremort,319.6353
306,Park Slope and Carroll Gardens,b30,scen3,prematuremort,121.7451
307,Sunset Park,b30,scen3,prematuremort,150.1142
308,Crown Heights and Prospect Heights,b30,scen3,prematuremort,245.4632
309,South Crown Heights and Lefferts Gardens,b30,scen3,prematuremort,251.5679
310,Bay Ridge and Dyker Heights,b30,scen3,prematuremort,142.7826
311,Bensonhurst,b30,scen3,prematuremort,163.933
312,Borough Park,b30,scen3,prematuremort,238.4355
313,Coney Island,b30,scen3,prematuremort,195.0496
314,Flatbush and Midwood,b30,scen3,prematuremort,168.8136
315,Sheepshead Bay,b30,scen3,prematuremort,134.0462
316,Brownsville,b30,scen3,prematuremort,412.4935
317,East Flatbush,b30,scen3,prematuremort,283.7746
318,Flatlands and Canarsie,b30,scen3,prematuremort,244.8167
401,Long Island City and Astoria,b30,scen3,prematuremort,128.6828
402,Woodside and Sunnyside,b30,scen3,prematuremort,73.66344
403,Jackson Heights,b30,scen3,prematuremort,155.9582
404,Elmhurst and Corona,b30,scen3,prematuremort,147.08
405,Ridgewood and Maspeth,b30,scen3,prematuremort,158.9243
406,Rego Park and Forest Hills,b30,scen3,prematuremort,105.6289
407,Flushing and Whitestone,b30,scen3,prematuremort,142.9736
408,Hillcrest and Fresh Meadows,b30,scen3,prematuremort,158.9628
409,Kew Gardens and Woodhaven,b30,scen3,prematuremort,133.0776
410,South Ozone Park and Howard Beach,b30,scen3,prematuremort,171.6314
411,Bayside and Little Neck,b30,scen3,prematuremort,94.80707
412,Jamaica and Hollis,b30,scen3,prematuremort,235.1852
413,Queens Village,b30,scen3,prematuremort,209.0625
414,Rockaway and Broad Channel,b30,scen3,prematuremort,298.3191
501,St. George and Stapleton,b30,scen3,prematuremort,277.479
502,South Beach and Willowbrook,b30,scen3,prematuremort,148.9315
503,Tottenville and Great Kills,b30,scen3,prematuremort,163.1025