CD,CD Name,Wage,Scenario,Variable,modelledValue,changeFromBaseline
101,Financial District,a20,scen1,poverty,15.16797,-0.10893
102,Greenwich Village and Soho,a20,scen1,poverty,15.16797,-0.10893
103,Lower East Side and Chinatown,a20,scen1,poverty,40.44347,-0.86282
104,Clinton and Chelsea,a20,scen1,poverty,17.5968,-0.50361
105,Midtown,a20,scen1,poverty,14.74092,-0.10281
106,Stuyvesant Town and Turtle Bay,a20,scen1,poverty,14.74092,-0.10281
107,Upper West Side,a20,scen1,poverty,18.27027,-0.03622
108,Upper East Side,a20,scen1,poverty,7.6701,0
109,Morningside Heights and Hamilton Heights,a20,scen1,poverty,47.75693,1E-05
110,Central Harlem,a20,scen1,poverty,37.81938,-2.57149
111,East Harlem,a20,scen1,poverty,53.88589,-2.37904
112,Washington Heights and Inwood,a20,scen1,poverty,31.02864,-0.2389
201,Mott Haven and Melrose,a20,scen1,poverty,55.32268,-5.30288
202,Hunts Point and Longwood,a20,scen1,poverty,55.32268,-5.30288
203,Morrisania and Crotona,a20,scen1,poverty,62.54561,-0.15699
204,Highbridge and Concourse,a20,scen1,poverty,51.60893,-1.70218
205,Fordham and University Heights,a20,scen1,poverty,56.44185,-3.85883
206,Belmont and East Tremont,a20,scen1,poverty,62.54561,-0.15699
207,Kingsbridge Heights and Bedford,a20,scen1,poverty,50.46542,-2.55397
208,Riverdale and Fieldston,a20,scen1,poverty,30.28773,-0.94765
209,Parkchester and Soundview,a20,scen1,poverty,55.32271,-0.57588
210,Throgs Neck and Co-op City,a20,scen1,poverty,28.13322,-0.43781
211,Morris Park and Bronxdale,a20,scen1,poverty,34.09114,-0.77766
212,Williamsbridge and Baychester,a20,scen1,poverty,35.38598,-0.43958
301,Greenpoint and Williamsburg,a20,scen1,poverty,28.25585,0
302,Fort Greene and Brooklyn Heights,a20,scen1,poverty,19.81512,0
303,Bedford Stuyvesant,a20,scen1,poverty,35.66131,-0.70192
304,Bushwick,a20,scen1,poverty,27.51382,-1.05676
305,East New York and Starrett City,a20,scen1,poverty,40.55722,-0.56234
306,Park Slope and Carroll Gardens,a20,scen1,poverty,15.18009,-0.04696
307,Sunset Park,a20,scen1,poverty,30.94145,-0.47736
308,Crown Heights and Prospect Heights,a20,scen1,poverty,28.07815,-1E-05
309,South Crown Heights and Lefferts Gardens,a20,scen1,poverty,29.64882,0
310,Bay Ridge and Dyker Heights,a20,scen1,poverty,26.38466,-0.08835
311,Bensonhurst,a20,scen1,poverty,37.38443,-0.94832
312,Borough Park,a20,scen1,poverty,49.97342,-0.58073
313,Coney Island,a20,scen1,poverty,35.488,-0.71883
314,Flatbush and Midwood,a20,scen1,poverty,26.51179,-1.06776
315,Sheepshead Bay,a20,scen1,poverty,32.66007,-0.17062
316,Brownsville,a20,scen1,poverty,53.63717,-0.95513
317,East Flatbush,a20,scen1,poverty,32.91052,-2.71972
318,Flatlands and Canarsie,a20,scen1,poverty,21.44889,-1.05445
401,Long Island City and Astoria,a20,scen1,poverty,25.38999,-0.2697
402,Woodside and Sunnyside,a20,scen1,poverty,21.47577,-0.42333
403,Jackson Heights,a20,scen1,poverty,36.49888,-1.89904
404,Elmhurst and Corona,a20,scen1,poverty,33.28772,-0.60032
405,Ridgewood and Maspeth,a20,scen1,poverty,22.17034,-0.13542
406,Rego Park and Forest Hills,a20,scen1,poverty,19.26387,0
407,Flushing and Whitestone,a20,scen1,poverty,36.10151,-1.26106
408,Hillcrest and Fresh Meadows,a20,scen1,poverty,34.425,-3.14793
409,Kew Gardens and Woodhaven,a20,scen1,poverty,22.53714,-1.42568
410,South Ozone Park and Howard Beach,a20,scen1,poverty,30.25781,-0.93126
411,Bayside and Little Neck,a20,scen1,poverty,17.76498,-0.20523
412,Jamaica and Hollis,a20,scen1,poverty,27.58466,-1.14229
413,Queens Village,a20,scen1,poverty,16.89251,-1.23587
414,Rockaway and Broad Channel,a20,scen1,poverty,38.64385,-1.88648
501,St. George and Stapleton,a20,scen1,poverty,37.23934,-0.91687
502,South Beach and Willowbrook,a20,scen1,poverty,18.28579,-0.04686
503,Tottenville and Great Kills,a20,scen1,poverty,16.99965,-0.21212
101,Financial District,a20,scen1,prematuremort,103.0214,-0.3835
102,Greenwich Village and Soho,a20,scen1,prematuremort,103.0214,-0.3835
103,Lower East Side and Chinatown,a20,scen1,prematuremort,200.3904,-3.0376
104,Clinton and Chelsea,a20,scen1,prematuremort,84.95309,-1.77301
105,Midtown,a20,scen1,prematuremort,69.67461,-0.36196
106,Stuyvesant Town and Turtle Bay,a20,scen1,prematuremort,69.67461,-0.36196
107,Upper West Side,a20,scen1,prematuremort,142.5762,-0.1275
108,Upper East Side,a20,scen1,prematuremort,98.05856,0
109,Morningside Heights and Hamilton Heights,a20,scen1,prematuremort,244.2478,0.0001
110,Central Harlem,a20,scen1,prematuremort,311.574,-9.0532
111,East Harlem,a20,scen1,prematuremort,342.9771,-8.3757
112,Washington Heights and Inwood,a20,scen1,prematuremort,208.0673,-0.8411
201,Mott Haven and Melrose,a20,scen1,prematuremort,330.8354,-18.6694
202,Hunts Point and Longwood,a20,scen1,prematuremort,330.8354,-18.6694
203,Morrisania and Crotona,a20,scen1,prematuremort,386.524,-0.5527
204,Highbridge and Concourse,a20,scen1,prematuremort,334.8625,-5.9928
205,Fordham and University Heights,a20,scen1,prematuremort,397.4576,-13.5855
206,Belmont and East Tremont,a20,scen1,prematuremort,386.524,-0.5527
207,Kingsbridge Heights and Bedford,a20,scen1,prematuremort,288.9143,-8.9916
208,Riverdale and Fieldston,a20,scen1,prematuremort,220.635,-3.3363
209,Parkchester and Soundview,a20,scen1,prematuremort,337.5115,-2.0275
210,Throgs Neck and Co-op City,a20,scen1,prematuremort,238.3234,-1.5413
211,Morris Park and Bronxdale,a20,scen1,prematuremort,242.0142,-2.7379
212,Williamsbridge and Baychester,a20,scen1,prematuremort,309.5321,-1.5476
301,Greenpoint and Williamsburg,a20,scen1,prematuremort,147.9316,0
302,Fort Greene and Brooklyn Heights,a20,scen1,prematuremort,133.7412,0
303,Bedford Stuyvesant,a20,scen1,prematuremort,274.9337,-2.4712
304,Bushwick,a20,scen1,prematuremort,173.8575,-3.7204
305,East New York and Starrett City,a20,scen1,prematuremort,340.3011,-1.9798
306,Park Slope and Carroll Gardens,a20,scen1,prematuremort,120.5779,-0.1653
307,Sunset Park,a20,scen1,prematuremort,156.3371,-1.6806
308,Crown Heights and Prospect Heights,a20,scen1,prematuremort,248.5306,0
309,South Crown Heights and Lefferts Gardens,a20,scen1,prematuremort,251.6643,0
310,Bay Ridge and Dyker Heights,a20,scen1,prematuremort,147.8424,-0.311
311,Bensonhurst,a20,scen1,prematuremort,181.0679,-3.3387
312,Borough Park,a20,scen1,prematuremort,248.1007,-2.0445
313,Coney Island,a20,scen1,prematuremort,203.4758,-2.5307
314,Flatbush and Midwood,a20,scen1,prematuremort,167.8148,-3.7592
315,Sheepshead Bay,a20,scen1,prematuremort,150.3645,-0.6007
316,Brownsville,a20,scen1,prematuremort,419.4551,-3.3626
317,East Flatbush,a20,scen1,prematuremort,286.9644,-9.5751
318,Flatlands and Canarsie,a20,scen1,prematuremort,240.8911,-3.7123
401,Long Island City and Astoria,a20,scen1,prematuremort,130.6488,-0.9495
402,Woodside and Sunnyside,a20,scen1,prematuremort,72.25916,-1.49039
403,Jackson Heights,a20,scen1,prematuremort,164.4704,-6.6858
404,Elmhurst and Corona,a20,scen1,prematuremort,145.9516,-2.1134
405,Ridgewood and Maspeth,a20,scen1,prematuremort,158.106,-0.4767
406,Rego Park and Forest Hills,a20,scen1,prematuremort,106.3148,0
407,Flushing and Whitestone,a20,scen1,prematuremort,158.3563,-4.4397
408,Hillcrest and Fresh Meadows,a20,scen1,prematuremort,170.2344,-11.0827
409,Kew Gardens and Woodhaven,a20,scen1,prematuremort,124.9944,-5.0192
410,South Ozone Park and Howard Beach,a20,scen1,prematuremort,181.2794,-3.2786
411,Bayside and Little Neck,a20,scen1,prematuremort,89.73347,-0.72255
412,Jamaica and Hollis,a20,scen1,prematuremort,229.8123,-4.0215
413,Queens Village,a20,scen1,prematuremort,207.1398,-4.351
414,Rockaway and Broad Channel,a20,scen1,prematuremort,313.6085,-6.6415
501,St. George and Stapleton,a20,scen1,prematuremort,282.4008,-3.2279
502,South Beach and Willowbrook,a20,scen1,prematuremort,155.9827,-0.1649
503,Tottenville and Great Kills,a20,scen1,prematuremort,162.7137,-0.7467
101,Financial District,a20,scen2,poverty,15.0389,-0.238
102,Greenwich Village and Soho,a20,scen2,poverty,15.0389,-0.238
103,Lower East Side and Chinatown,a20,scen2,poverty,40.3767,-0.92959
104,Clinton and Chelsea,a20,scen2,poverty,17.5968,-0.50361
105,Midtown,a20,scen2,poverty,14.74092,-0.10281
106,Stuyvesant Town and Turtle Bay,a20,scen2,poverty,14.74092,-0.10281
107,Upper West Side,a20,scen2,poverty,18.27027,-0.03622
108,Upper East Side,a20,scen2,poverty,7.6701,0
109,Morningside Heights and Hamilton Heights,a20,scen2,poverty,47.75693,1E-05
110,Central Harlem,a20,scen2,poverty,37.81938,-2.57149
111,East Harlem,a20,scen2,poverty,53.70981,-2.55512
112,Washington Heights and Inwood,a20,scen2,poverty,31.02864,-0.2389
201,Mott Haven and Melrose,a20,scen2,poverty,55.16101,-5.46455
202,Hunts Point and Longwood,a20,scen2,poverty,55.16101,-5.46455
203,Morrisania and Crotona,a20,scen2,poverty,62.41067,-0.29193
204,Highbridge and Concourse,a20,scen2,poverty,51.60893,-1.70218
205,Fordham and University Heights,a20,scen2,poverty,55.8498,-4.45088
206,Belmont and East Tremont,a20,scen2,poverty,62.41067,-0.29193
207,Kingsbridge Heights and Bedford,a20,scen2,poverty,47.52484,-5.49455
208,Riverdale and Fieldston,a20,scen2,poverty,29.79739,-1.43799
209,Parkchester and Soundview,a20,scen2,poverty,55.09739,-0.8012
210,Throgs Neck and Co-op City,a20,scen2,poverty,28.13322,-0.43781
211,Morris Park and Bronxdale,a20,scen2,poverty,34.09114,-0.77766
212,Williamsbridge and Baychester,a20,scen2,poverty,35.38598,-0.43958
301,Greenpoint and Williamsburg,a20,scen2,poverty,28.2047,-0.05115
302,Fort Greene and Brooklyn Heights,a20,scen2,poverty,19.71017,-0.10495
303,Bedford Stuyvesant,a20,scen2,poverty,35.62409,-0.73914
304,Bushwick,a20,scen2,poverty,27.50072,-1.06986
305,East New York and Starrett City,a20,scen2,poverty,40.17918,-0.94038
306,Park Slope and Carroll Gardens,a20,scen2,poverty,15.18009,-0.04696
307,Sunset Park,a20,scen2,poverty,30.13875,-1.28006
308,Crown Heights and Prospect Heights,a20,scen2,poverty,26.66609,-1.41207
309,South Crown Heights and Lefferts Gardens,a20,scen2,poverty,28.40847,-1.24035
310,Bay Ridge and Dyker Heights,a20,scen2,poverty,25.99886,-0.47415
311,Bensonhurst,a20,scen2,poverty,35.99957,-2.33318
312,Borough Park,a20,scen2,poverty,49.97342,-0.58073
313,Coney Island,a20,scen2,poverty,35.43763,-0.7692
314,Flatbush and Midwood,a20,scen2,poverty,25.40464,-2.17491
315,Sheepshead Bay,a20,scen2,poverty,32.66007,-0.17062
316,Brownsville,a20,scen2,poverty,53.34116,-1.25114
317,East Flatbush,a20,scen2,poverty,32.91052,-2.71972
318,Flatlands and Canarsie,a20,scen2,poverty,21.44889,-1.05445
401,Long Island City and Astoria,a20,scen2,poverty,25.38999,-0.2697
402,Woodside and Sunnyside,a20,scen2,poverty,21.22104,-0.67806
403,Jackson Heights,a20,scen2,poverty,36.36517,-2.03275
404,Elmhurst and Corona,a20,scen2,poverty,32.77734,-1.1107
405,Ridgewood and Maspeth,a20,scen2,poverty,21.89546,-0.4103
406,Rego Park and Forest Hills,a20,scen2,poverty,19.20199,-0.06188
407,Flushing and Whitestone,a20,scen2,poverty,35.88044,-1.48213
408,Hillcrest and Fresh Meadows,a20,scen2,poverty,33.71452,-3.85841
409,Kew Gardens and Woodhaven,a20,scen2,poverty,22.33078,-1.63204
410,South Ozone Park and Howard Beach,a20,scen2,poverty,29.99967,-1.1894
411,Bayside and Little Neck,a20,scen2,poverty,17.48379,-0.48642
412,Jamaica and Hollis,a20,scen2,poverty,27.20666,-1.52029
413,Queens Village,a20,scen2,poverty,16.81111,-1.31727
414,Rockaway and Broad Channel,a20,scen2,poverty,38.33627,-2.19406
501,St. George and Stapleton,a20,scen2,poverty,36.57968,-1.57653
502,South Beach and Willowbrook,a20,scen2,poverty,18.28579,-0.04686
503,Tottenville and Great Kills,a20,scen2,poverty,16.99965,-0.21212
101,Financial District,a20,scen2,prematuremort,102.567,-0.8379
102,Greenwich Village and Soho,a20,scen2,prematuremort,102.567,-0.8379
103,Lower East Side and Chinatown,a20,scen2,prematuremort,200.1553,-3.2727
104,Clinton and Chelsea,a20,scen2,prematuremort,84.95309,-1.77301
105,Midtown,a20,scen2,prematuremort,69.67461,-0.36196
106,Stuyvesant Town and Turtle Bay,a20,scen2,prematuremort,69.67461,-0.36196
107,Upper West Side,a20,scen2,prematuremort,142.5762,-0.1275
108,Upper East Side,a20,scen2,prematuremort,98.05856,0
109,Morningside Heights and Hamilton Heights,a20,scen2,prematuremort,244.2478,0.0001
110,Central Harlem,a20,scen2,prematuremort,311.574,-9.0532
111,East Harlem,a20,scen2,prematuremort,342.3572,-8.9956
112,Washington Heights and Inwood,a20,scen2,prematuremort,208.0673,-0.8411
201,Mott Haven and Melrose,a20,scen2,prematuremort,330.2662,-19.2386
202,Hunts Point and Longwood,a20,scen2,prematuremort,330.2662,-19.2386
203,Morrisania and Crotona,a20,scen2,prematuremort,386.049,-1.0277
204,Highbridge and Concourse,a20,scen2,prematuremort,334.8625,-5.9928
205,Fordham and University Heights,a20,scen2,prematuremort,395.3733,-15.6698
206,Belmont and East Tremont,a20,scen2,prematuremort,386.049,-1.0277
207,Kingsbridge Heights and Bedford,a20,scen2,prematuremort,278.5616,-19.3443
208,Riverdale and Fieldston,a20,scen2,prematuremort,218.9087,-5.0626
209,Parkchester and Soundview,a20,scen2,prematuremort,336.7182,-2.8208
210,Throgs Neck and Co-op City,a20,scen2,prematuremort,238.3234,-1.5413
211,Morris Park and Bronxdale,a20,scen2,prematuremort,242.0142,-2.7379
212,Williamsbridge and Baychester,a20,scen2,prematuremort,309.5321,-1.5476
301,Greenpoint and Williamsburg,a20,scen2,prematuremort,147.7515,-0.1801
302,Fort Greene and Brooklyn Heights,a20,scen2,prematuremort,133.3717,-0.3695
303,Bedford Stuyvesant,a20,scen2,prematuremort,274.8027,-2.6022
304,Bushwick,a20,scen2,prematuremort,173.8114,-3.7665
305,East New York and Starrett City,a20,scen2,prematuremort,338.9701,-3.3108
306,Park Slope and Carroll Gardens,a20,scen2,prematuremort,120.5779,-0.1653
307,Sunset Park,a20,scen2,prematuremort,153.511,-4.5067
308,Crown Heights and Prospect Heights,a20,scen2,prematuremort,243.5593,-4.9713
309,South Crown Heights and Lefferts Gardens,a20,scen2,prematuremort,247.2975,-4.3668
310,Bay Ridge and Dyker Heights,a20,scen2,prematuremort,146.4841,-1.6693
311,Bensonhurst,a20,scen2,prematuremort,176.1924,-8.2142
312,Borough Park,a20,scen2,prematuremort,248.1007,-2.0445
313,Coney Island,a20,scen2,prematuremort,203.2984,-2.7081
314,Flatbush and Midwood,a20,scen2,prematuremort,163.9169,-7.6571
315,Sheepshead Bay,a20,scen2,prematuremort,150.3645,-0.6007
316,Brownsville,a20,scen2,prematuremort,418.4129,-4.4048
317,East Flatbush,a20,scen2,prematuremort,286.9644,-9.5751
318,Flatlands and Canarsie,a20,scen2,prematuremort,240.8911,-3.7123
401,Long Island City and Astoria,a20,scen2,prematuremort,130.6488,-0.9495
402,Woodside and Sunnyside,a20,scen2,prematuremort,71.36236,-2.38719
403,Jackson Heights,a20,scen2,prematuremort,163.9997,-7.1565
404,Elmhurst and Corona,a20,scen2,prematuremort,144.1547,-3.9103
405,Ridgewood and Maspeth,a20,scen2,prematuremort,157.1383,-1.4444
406,Rego Park and Forest Hills,a20,scen2,prematuremort,106.0969,-0.2179
407,Flushing and Whitestone,a20,scen2,prematuremort,157.578,-5.218
408,Hillcrest and Fresh Meadows,a20,scen2,prematuremort,167.7331,-13.584
409,Kew Gardens and Woodhaven,a20,scen2,prematuremort,124.2678,-5.7458
410,South Ozone Park and Howard Beach,a20,scen2,prematuremort,180.3706,-4.1874
411,Bayside and Little Neck,a20,scen2,prematuremort,88.74352,-1.7125
412,Jamaica and Hollis,a20,scen2,prematuremort,228.4815,-5.3523
413,Queens Village,a20,scen2,prematuremort,206.8532,-4.6376
414,Rockaway and Broad Channel,a20,scen2,prematuremort,312.5256,-7.7244
501,St. George and Stapleton,a20,scen2,prematuremort,280.0784,-5.5503
502,South Beach and Willowbrook,a20,scen2,prematuremort,155.9827,-0.1649
503,Tottenville and Great Kills,a20,scen2,prematuremort,162.7137,-0.7467
101,Financial District,a20,scen3,poverty,15.25078,-0.02612
102,Greenwich Village and Soho,a20,scen3,poverty,15.25078,-0.02612
103,Lower East Side and Chinatown,a20,scen3,poverty,40.44347,-0.86282
104,Clinton and Chelsea,a20,scen3,poverty,17.5968,-0.50361
105,Midtown,a20,scen3,poverty,14.74092,-0.10281
106,Stuyvesant Town and Turtle Bay,a20,scen3,poverty,14.74092,-0.10281
107,Upper West Side,a20,scen3,poverty,18.46642,0.15993
108,Upper East Side,a20,scen3,poverty,7.75636,0.08626
109,Morningside Heights and Hamilton Heights,a20,scen3,poverty,47.75692,0
110,Central Harlem,a20,scen3,poverty,37.95267,-2.4382
111,East Harlem,a20,scen3,poverty,53.9275,-2.33743
112,Washington Heights and Inwood,a20,scen3,poverty,31.09883,-0.16871
201,Mott Haven and Melrose,a20,scen3,poverty,55.53713,-5.08843
202,Hunts Point and Longwood,a20,scen3,poverty,55.53713,-5.08843
203,Morrisania and Crotona,a20,scen3,poverty,62.7026,0
204,Highbridge and Concourse,a20,scen3,poverty,52.95751,-0.3536
205,Fordham and University Heights,a20,scen3,poverty,58.81211,-1.48857
206,Belmont and East Tremont,a20,scen3,poverty,62.7026,0
207,Kingsbridge Heights and Bedford,a20,scen3,poverty,50.46542,-2.55397
208,Riverdale and Fieldston,a20,scen3,poverty,30.28773,-0.94765
209,Parkchester and Soundview,a20,scen3,poverty,56.00964,0.11105
210,Throgs Neck and Co-op City,a20,scen3,poverty,28.13322,-0.43781
211,Morris Park and Bronxdale,a20,scen3,poverty,34.15857,-0.71023
212,Williamsbridge and Baychester,a20,scen3,poverty,35.5942,-0.23136
301,Greenpoint and Williamsburg,a20,scen3,poverty,28.29551,0.03966
302,Fort Greene and Brooklyn Heights,a20,scen3,poverty,19.9082,0.09308
303,Bedford Stuyvesant,a20,scen3,poverty,35.81145,-0.55178
304,Bushwick,a20,scen3,poverty,27.73303,-0.83755
305,East New York and Starrett City,a20,scen3,poverty,41.8794,0.75984
306,Park Slope and Carroll Gardens,a20,scen3,poverty,15.18009,-0.04696
307,Sunset Park,a20,scen3,poverty,31.04382,-0.37499
308,Crown Heights and Prospect Heights,a20,scen3,poverty,29.0857,1.01E+00
309,South Crown Heights and Lefferts Gardens,a20,scen3,poverty,30.37484,0.72602
310,Bay Ridge and Dyker Heights,a20,scen3,poverty,26.57413,0.10112
311,Bensonhurst,a20,scen3,poverty,37.72064,-0.61211
312,Borough Park,a20,scen3,poverty,50.41919,-0.13496
313,Coney Island,a20,scen3,poverty,35.60508,-0.60175
314,Flatbush and Midwood,a20,scen3,poverty,26.604,-0.97555
315,Sheepshead Bay,a20,scen3,poverty,32.66008,-0.17061
316,Brownsville,a20,scen3,poverty,53.7678,-0.8245
317,East Flatbush,a20,scen3,poverty,34.0838,-1.54644
318,Flatlands and Canarsie,a20,scen3,poverty,21.48141,-1.02193
401,Long Island City and Astoria,a20,scen3,poverty,25.85159,0.1919
402,Woodside and Sunnyside,a20,scen3,poverty,22.2889,0.3898
403,Jackson Heights,a20,scen3,poverty,37.32235,-1.07557
404,Elmhurst and Corona,a20,scen3,poverty,34.27698,0.38894
405,Ridgewood and Maspeth,a20,scen3,poverty,23.05563,0.74987
406,Rego Park and Forest Hills,a20,scen3,poverty,19.26387,0
407,Flushing and Whitestone,a20,scen3,poverty,36.13523,-1.22734
408,Hillcrest and Fresh Meadows,a20,scen3,poverty,35.77615,-1.79678
409,Kew Gardens and Woodhaven,a20,scen3,poverty,23.5815,-0.38132
410,South Ozone Park and Howard Beach,a20,scen3,poverty,30.39178,-0.79729
411,Bayside and Little Neck,a20,scen3,poverty,17.83415,-0.13606
412,Jamaica and Hollis,a20,scen3,poverty,27.85731,-0.86964
413,Queens Village,a20,scen3,poverty,17.2502,-0.87818
414,Rockaway and Broad Channel,a20,scen3,poverty,39.04316,-1.48717
501,St. George and Stapleton,a20,scen3,poverty,37.49867,-0.65754
502,South Beach and Willowbrook,a20,scen3,poverty,18.2858,-0.04685
503,Tottenville and Great Kills,a20,scen3,poverty,16.99965,-0.21212
101,Financial District,a20,scen3,prematuremort,103.3129,-0.092
102,Greenwich Village and Soho,a20,scen3,prematuremort,103.3129,-0.092
103,Lower East Side and Chinatown,a20,scen3,prematuremort,200.3904,-3.0376
104,Clinton and Chelsea,a20,scen3,prematuremort,84.95309,-1.77301
105,Midtown,a20,scen3,prematuremort,69.67461,-0.36196
106,Stuyvesant Town and Turtle Bay,a20,scen3,prematuremort,69.67461,-0.36196
107,Upper West Side,a20,scen3,prematuremort,143.2668,0.5631
108,Upper East Side,a20,scen3,prematuremort,98.36227,0.30371
109,Morningside Heights and Hamilton Heights,a20,scen3,prematuremort,244.2477,0
110,Central Harlem,a20,scen3,prematuremort,312.0432,-8.584
111,East Harlem,a20,scen3,prematuremort,343.1236,-8.2292
112,Washington Heights and Inwood,a20,scen3,prematuremort,208.3144,-0.594
201,Mott Haven and Melrose,a20,scen3,prematuremort,331.5903,-17.9145
202,Hunts Point and Longwood,a20,scen3,prematuremort,331.5903,-17.9145
203,Morrisania and Crotona,a20,scen3,prematuremort,387.0768,1E-04
204,Highbridge and Concourse,a20,scen3,prematuremort,339.6104,-1.2449
205,Fordham and University Heights,a20,scen3,prematuremort,405.8024,-5.2407
206,Belmont and East Tremont,a20,scen3,prematuremort,387.0768,1E-04
207,Kingsbridge Heights and Bedford,a20,scen3,prematuremort,288.9143,-8.9916
208,Riverdale and Fieldston,a20,scen3,prematuremort,220.635,-3.3363
209,Parkchester and Soundview,a20,scen3,prematuremort,339.9299,0.3909
210,Throgs Neck and Co-op City,a20,scen3,prematuremort,238.3234,-1.5413
211,Morris Park and Bronxdale,a20,scen3,prematuremort,242.2516,-2.5005
212,Williamsbridge and Baychester,a20,scen3,prematuremort,310.2651,-0.8146
301,Greenpoint and Williamsburg,a20,scen3,prematuremort,148.0712,0.1396
302,Fort Greene and Brooklyn Heights,a20,scen3,prematuremort,134.0689,0.3277
303,Bedford Stuyvesant,a20,scen3,prematuremort,275.4623,-1.9426
304,Bushwick,a20,scen3,prematuremort,174.6292,-2.9487
305,East New York and Starrett City,a20,scen3,prematuremort,344.9559,2.675
306,Park Slope and Carroll Gardens,a20,scen3,prematuremort,120.5779,-0.1653
307,Sunset Park,a20,scen3,prematuremort,156.6975,-1.3202
308,Crown Heights and Prospect Heights,a20,scen3,prematuremort,252.0778,3.5472
309,South Crown Heights and Lefferts Gardens,a20,scen3,prematuremort,254.2204,2.5561
310,Bay Ridge and Dyker Heights,a20,scen3,prematuremort,148.5094,0.356
311,Bensonhurst,a20,scen3,prematuremort,182.2516,-2.155
312,Borough Park,a20,scen3,prematuremort,249.6701,-0.4751
313,Coney Island,a20,scen3,prematuremort,203.888,-2.1185
314,Flatbush and Midwood,a20,scen3,prematuremort,168.1395,-3.4345
315,Sheepshead Bay,a20,scen3,prematuremort,150.3646,-0.6006
316,Brownsville,a20,scen3,prematuremort,419.915,-2.9027
317,East Flatbush,a20,scen3,prematuremort,291.095,-5.4445
318,Flatlands and Canarsie,a20,scen3,prematuremort,241.0056,-3.5978
401,Long Island City and Astoria,a20,scen3,prematuremort,132.2739,0.6756
402,Woodside and Sunnyside,a20,scen3,prematuremort,75.12191,1.37236
403,Jackson Heights,a20,scen3,prematuremort,167.3695,-3.7867
404,Elmhurst and Corona,a20,scen3,prematuremort,149.4344,1.3694
405,Ridgewood and Maspeth,a20,scen3,prematuremort,161.2228,2.6401
406,Rego Park and Forest Hills,a20,scen3,prematuremort,106.3148,0
407,Flushing and Whitestone,a20,scen3,prematuremort,158.475,-4.321
408,Hillcrest and Fresh Meadows,a20,scen3,prematuremort,174.9913,-6.3258
409,Kew Gardens and Woodhaven,a20,scen3,prematuremort,128.6711,-1.3425
410,South Ozone Park and Howard Beach,a20,scen3,prematuremort,181.751,-2.807
411,Bayside and Little Neck,a20,scen3,prematuremort,89.97701,-0.47901
412,Jamaica and Hollis,a20,scen3,prematuremort,230.7722,-3.0616
413,Queens Village,a20,scen3,prematuremort,208.3991,-3.0917
414,Rockaway and Broad Channel,a20,scen3,prematuremort,315.0143,-5.2357
501,St. George and Stapleton,a20,scen3,prematuremort,283.3138,-2.3149
502,South Beach and Willowbrook,a20,scen3,prematuremort,155.9827,-0.1649
503,Tottenville and Great Kills,a20,scen3,prematuremort,162.7136,-0.7468
101,Financial District,b30,scen1,poverty,14.65693,-0.61997
102,Greenwich Village and Soho,b30,scen1,poverty,14.65693,-0.61997
103,Lower East Side and Chinatown,b30,scen1,poverty,34.8156,-6.49069
104,Clinton and Chelsea,b30,scen1,poverty,17.11181,-0.9886
105,Midtown,b30,scen1,poverty,14.39544,-0.44829
106,Stuyvesant Town and Turtle Bay,b30,scen1,poverty,14.39544,-0.44829
107,Upper West Side,b30,scen1,poverty,17.65784,-0.64865
108,Upper East Side,b30,scen1,poverty,7.34001,-0.33009
109,Morningside Heights and Hamilton Heights,b30,scen1,poverty,42.3675,-5.38942
110,Central Harlem,b30,scen1,poverty,35.24788,-5.14299
111,East Harlem,b30,scen1,poverty,49.21198,-7.05295
112,Washington Heights and Inwood,b30,scen1,poverty,26.07756,-5.18998
201,Mott Haven and Melrose,b30,scen1,poverty,50.87846,-9.7471
202,Hunts Point and Longwood,b30,scen1,poverty,50.87846,-9.7471
203,Morrisania and Crotona,b30,scen1,poverty,57.76381,-4.93879
204,Highbridge and Concourse,b30,scen1,poverty,46.6121,-6.69901
205,Fordham and University Heights,b30,scen1,poverty,48.81646,-11.48422
206,Belmont and East Tremont,b30,scen1,poverty,57.76381,-4.93879
207,Kingsbridge Heights and Bedford,b30,scen1,poverty,41.78996,-11.22943
208,Riverdale and Fieldston,b30,scen1,poverty,25.15695,-6.07843
209,Parkchester and Soundview,b30,scen1,poverty,45.94397,-9.95462
210,Throgs Neck and Co-op City,b30,scen1,poverty,23.91488,-4.65615
211,Morris Park and Bronxdale,b30,scen1,poverty,30.35231,-4.51649
212,Williamsbridge and Baychester,b30,scen1,poverty,28.28334,-7.54222
301,Greenpoint and Williamsburg,b30,scen1,poverty,25.33763,-2.91822
302,Fort Greene and Brooklyn Heights,b30,scen1,poverty,17.92705,-1.88807
303,Bedford Stuyvesant,b30,scen1,poverty,32.48149,-3.88174
304,Bushwick,b30,scen1,poverty,22.79356,-5.77702
305,East New York and Starrett City,b30,scen1,poverty,31.55642,-9.56314
306,Park Slope and Carroll Gardens,b30,scen1,poverty,13.80512,-1.42193
307,Sunset Park,b30,scen1,poverty,25.23843,-6.18038
308,Crown Heights and Prospect Heights,b30,scen1,poverty,24.89244,-3.18572
309,South Crown Heights and Lefferts Gardens,b30,scen1,poverty,26.27148,-3.37734
310,Bay Ridge and Dyker Heights,b30,scen1,poverty,22.53843,-3.93458
311,Bensonhurst,b30,scen1,poverty,29.04476,-9.28799
312,Borough Park,b30,scen1,poverty,44.24795,-6.3062
313,Coney Island,b30,scen1,poverty,29.09343,-7.1134
314,Flatbush and Midwood,b30,scen1,poverty,24.18559,-3.39396
315,Sheepshead Bay,b30,scen1,poverty,25.36987,-7.46082
316,Brownsville,b30,scen1,poverty,50.1522,-4.4401
317,East Flatbush,b30,scen1,poverty,27.77226,-7.85798
318,Flatlands and Canarsie,b30,scen1,poverty,19.50477,-2.99857
401,Long Island City and Astoria,b30,scen1,poverty,21.56642,-4.09327
402,Woodside and Sunnyside,b30,scen1,poverty,17.03667,-4.86243
403,Jackson Heights,b30,scen1,poverty,29.06056,-9.33736
404,Elmhurst and Corona,b30,scen1,poverty,27.24079,-6.64725
405,Ridgewood and Maspeth,b30,scen1,poverty,19.01124,-3.29452
406,Rego Park and Forest Hills,b30,scen1,poverty,17.90253,-1.36134
407,Flushing and Whitestone,b30,scen1,poverty,28.96117,-8.4014
408,Hillcrest and Fresh Meadows,b30,scen1,poverty,29.68969,-7.88324
409,Kew Gardens and Woodhaven,b30,scen1,poverty,16.58054,-7.38228
410,South Ozone Park and Howard Beach,b30,scen1,poverty,24.59292,-6.59615
411,Bayside and Little Neck,b30,scen1,poverty,15.91909,-2.05112
412,Jamaica and Hollis,b30,scen1,poverty,24.74259,-3.98436
413,Queens Village,b30,scen1,poverty,13.34645,-4.78193
414,Rockaway and Broad Channel,b30,scen1,poverty,33.19591,-7.33442
501,St. George and Stapleton,b30,scen1,poverty,34.00481,-4.1514
502,South Beach and Willowbrook,b30,scen1,poverty,15.48461,-2.84804
503,Tottenville and Great Kills,b30,scen1,poverty,13.87677,-3.335
101,Financial District,b30,scen1,prematuremort,101.2222,-2.1827
102,Greenwich Village and Soho,b30,scen1,prematuremort,101.2222,-2.1827
103,Lower East Side and Chinatown,b30,scen1,prematuremort,180.5768,-22.8512
104,Clinton and Chelsea,b30,scen1,prematuremort,83.24562,-3.48048
105,Midtown,b30,scen1,prematuremort,68.45831,-1.57826
106,Stuyvesant Town and Turtle Bay,b30,scen1,prematuremort,68.45831,-1.57826
107,Upper West Side,b30,scen1,prematuremort,140.4201,-2.2836
108,Upper East Side,b30,scen1,prematuremort,96.89644,-1.16212
109,Morningside Heights and Hamilton Heights,b30,scen1,prematuremort,225.2737,-18.974
110,Central Harlem,b30,scen1,prematuremort,302.5207,-18.1065
111,East Harlem,b30,scen1,prematuremort,326.5221,-24.8307
112,Washington Heights and Inwood,b30,scen1,prematuremort,190.6364,-18.272
201,Mott Haven and Melrose,b30,scen1,prematuremort,315.1889,-34.3159
202,Hunts Point and Longwood,b30,scen1,prematuremort,315.1889,-34.3159
203,Morrisania and Crotona,b30,scen1,prematuremort,369.6891,-17.3876
204,Highbridge and Concourse,b30,scen1,prematuremort,317.2706,-23.5847
205,Fordham and University Heights,b30,scen1,prematuremort,370.6116,-40.4315
206,Belmont and East Tremont,b30,scen1,prematuremort,369.6891,-17.3876
207,Kingsbridge Heights and Bedford,b30,scen1,prematuremort,258.3713,-39.5346
208,Riverdale and Fieldston,b30,scen1,prematuremort,202.5714,-21.3999
209,Parkchester and Soundview,b30,scen1,prematuremort,304.4926,-35.0464
210,Throgs Neck and Co-op City,b30,scen1,prematuremort,223.4722,-16.3925
211,Morris Park and Bronxdale,b30,scen1,prematuremort,228.8512,-15.9009
212,Williamsbridge and Baychester,b30,scen1,prematuremort,284.5264,-26.5533
301,Greenpoint and Williamsburg,b30,scen1,prematuremort,137.6576,-10.274
302,Fort Greene and Brooklyn Heights,b30,scen1,prematuremort,127.0941,-6.6471
303,Bedford Stuyvesant,b30,scen1,prematuremort,263.7388,-13.6661
304,Bushwick,b30,scen1,prematuremort,157.2393,-20.3386
305,East New York and Starrett City,b30,scen1,prematuremort,308.6127,-33.6682
306,Park Slope and Carroll Gardens,b30,scen1,prematuremort,115.7371,-5.0061
307,Sunset Park,b30,scen1,prematuremort,136.2589,-21.7588
308,Crown Heights and Prospect Heights,b30,scen1,prematuremort,237.3149,-11.2157
309,South Crown Heights and Lefferts Gardens,b30,scen1,prematuremort,239.774,-11.8903
310,Bay Ridge and Dyker Heights,b30,scen1,prematuremort,134.3013,-13.8521
311,Bensonhurst,b30,scen1,prematuremort,151.7071,-32.6995
312,Borough Park,b30,scen1,prematuremort,227.9435,-22.2017
313,Coney Island,b30,scen1,prematuremort,180.9629,-25.0436
314,Flatbush and Midwood,b30,scen1,prematuremort,159.6251,-11.9489
315,Sheepshead Bay,b30,scen1,prematuremort,124.6985,-26.2667
316,Brownsville,b30,scen1,prematuremort,407.1858,-15.6319
317,East Flatbush,b30,scen1,prematuremort,268.8745,-27.665
318,Flatlands and Canarsie,b30,scen1,prematuremort,234.0466,-10.5568
401,Long Island City and Astoria,b30,scen1,prematuremort,117.1874,-14.4109
402,Woodside and Sunnyside,b30,scen1,prematuremort,56.63079,-17.11876
403,Jackson Heights,b30,scen1,prematuremort,138.2829,-32.8733
404,Elmhurst and Corona,b30,scen1,prematuremort,124.6626,-23.4024
405,Ridgewood and Maspeth,b30,scen1,prematuremort,146.984,-11.5987
406,Rego Park and Forest Hills,b30,scen1,prematuremort,101.522,-4.7928
407,Flushing and Whitestone,b30,scen1,prematuremort,133.2179,-29.5781
408,Hillcrest and Fresh Meadows,b30,scen1,prematuremort,153.5632,-27.7539
409,Kew Gardens and Woodhaven,b30,scen1,prematuremort,104.0234,-25.9902
410,South Ozone Park and Howard Beach,b30,scen1,prematuremort,161.3354,-23.2226
411,Bayside and Little Neck,b30,scen1,prematuremort,83.2348,-7.22122
412,Jamaica and Hollis,b30,scen1,prematuremort,219.8064,-14.0274
413,Queens Village,b30,scen1,prematuremort,194.6554,-16.8354
414,Rockaway and Broad Channel,b30,scen1,prematuremort,294.4284,-25.8216
501,St. George and Stapleton,b30,scen1,prematuremort,271.0132,-14.6155
502,South Beach and Willowbrook,b30,scen1,prematuremort,146.1208,-10.0268
503,Tottenville and Great Kills,b30,scen1,prematuremort,151.7192,-11.7412
101,Financial District,b30,scen2,poverty,14.65692,-0.61998
102,Greenwich Village and Soho,b30,scen2,poverty,14.65692,-0.61998
103,Lower East Side and Chinatown,b30,scen2,poverty,34.74882,-6.55747
104,Clinton and Chelsea,b30,scen2,poverty,17.11181,-0.9886
105,Midtown,b30,scen2,poverty,14.39544,-0.44829
106,Stuyvesant Town and Turtle Bay,b30,scen2,poverty,14.39544,-0.44829
107,Upper West Side,b30,scen2,poverty,17.65785,-0.64864
108,Upper East Side,b30,scen2,poverty,7.34001,-0.33009
109,Morningside Heights and Hamilton Heights,b30,scen2,poverty,42.3675,-5.38942
110,Central Harlem,b30,scen2,poverty,35.24788,-5.14299
111,East Harlem,b30,scen2,poverty,48.98463,-7.2803
112,Washington Heights and Inwood,b30,scen2,poverty,26.07756,-5.18998
201,Mott Haven and Melrose,b30,scen2,poverty,50.64255,-9.98301
202,Hunts Point and Longwood,b30,scen2,poverty,50.64255,-9.98301
203,Morrisania and Crotona,b30,scen2,poverty,56.43771,-6.26489
204,Highbridge and Concourse,b30,scen2,poverty,45.76564,-7.54547
205,Fordham and University Heights,b30,scen2,poverty,48.37933,-11.92135
206,Belmont and East Tremont,b30,scen2,poverty,56.43771,-6.26489
207,Kingsbridge Heights and Bedford,b30,scen2,poverty,41.22657,-11.79282
208,Riverdale and Fieldston,b30,scen2,poverty,23.95686,-7.27852
209,Parkchester and Soundview,b30,scen2,poverty,44.26217,-11.63642
210,Throgs Neck and Co-op City,b30,scen2,poverty,23.23281,-5.33822
211,Morris Park and Bronxdale,b30,scen2,poverty,29.43081,-5.43799
212,Williamsbridge and Baychester,b30,scen2,poverty,27.84145,-7.98411
301,Greenpoint and Williamsburg,b30,scen2,poverty,25.10947,-3.14638
302,Fort Greene and Brooklyn Heights,b30,scen2,poverty,17.8221,-1.99302
303,Bedford Stuyvesant,b30,scen2,poverty,31.81935,-4.54388
304,Bushwick,b30,scen2,poverty,22.28246,-6.28812
305,East New York and Starrett City,b30,scen2,poverty,29.97593,-11.14363
306,Park Slope and Carroll Gardens,b30,scen2,poverty,13.80512,-1.42193
307,Sunset Park,b30,scen2,poverty,23.9989,-7.41991
308,Crown Heights and Prospect Heights,b30,scen2,poverty,24.39349,-3.68467
309,South Crown Heights and Lefferts Gardens,b30,scen2,poverty,24.57285,-5.07597
310,Bay Ridge and Dyker Heights,b30,scen2,poverty,21.95139,-4.52162
311,Bensonhurst,b30,scen2,poverty,28.38995,-9.9428
312,Borough Park,b30,scen2,poverty,43.97044,-6.58371
313,Coney Island,b30,scen2,poverty,29.04306,-7.16377
314,Flatbush and Midwood,b30,scen2,poverty,21.76956,-5.80999
315,Sheepshead Bay,b30,scen2,poverty,24.9937,-7.83699
316,Brownsville,b30,scen2,poverty,50.03715,-4.55515
317,East Flatbush,b30,scen2,poverty,27.77226,-7.85798
318,Flatlands and Canarsie,b30,scen2,poverty,18.25155,-4.25179
401,Long Island City and Astoria,b30,scen2,poverty,20.87375,-4.78594
402,Woodside and Sunnyside,b30,scen2,poverty,15.42764,-6.47146
403,Jackson Heights,b30,scen2,poverty,27.8849,-10.51302
404,Elmhurst and Corona,b30,scen2,poverty,27.24079,-6.64725
405,Ridgewood and Maspeth,b30,scen2,poverty,18.33684,-3.96892
406,Rego Park and Forest Hills,b30,scen2,poverty,17.58052,-1.68335
407,Flushing and Whitestone,b30,scen2,poverty,27.81733,-9.54524
408,Hillcrest and Fresh Meadows,b30,scen2,poverty,28.18909,-9.38384
409,Kew Gardens and Woodhaven,b30,scen2,poverty,15.73356,-8.22926
410,South Ozone Park and Howard Beach,b30,scen2,poverty,23.46778,-7.72129
411,Bayside and Little Neck,b30,scen2,poverty,15.63789,-2.33232
412,Jamaica and Hollis,b30,scen2,poverty,24.06854,-4.65841
413,Queens Village,b30,scen2,poverty,12.35352,-5.77486
414,Rockaway and Broad Channel,b30,scen2,poverty,30.34676,-10.18357
501,St. George and Stapleton,b30,scen2,poverty,33.92899,-4.22722
502,South Beach and Willowbrook,b30,scen2,poverty,15.48461,-2.84804
503,Tottenville and Great Kills,b30,scen2,poverty,13.14078,-4.07099
101,Financial District,b30,scen2,prematuremort,101.2222,-2.1827
102,Greenwich Village and Soho,b30,scen2,prematuremort,101.2222,-2.1827
103,Lower East Side and Chinatown,b30,scen2,prematuremort,180.3417,-23.0863
104,Clinton and Chelsea,b30,scen2,prematuremort,83.24562,-3.48048
105,Midtown,b30,scen2,prematuremort,68.45831,-1.57826
106,Stuyvesant Town and Turtle Bay,b30,scen2,prematuremort,68.45831,-1.57826
107,Upper West Side,b30,scen2,prematuremort,140.4201,-2.2836
108,Upper East Side,b30,scen2,prematuremort,96.89644,-1.16212
109,Morningside Heights and Hamilton Heights,b30,scen2,prematuremort,225.2737,-18.974
110,Central Harlem,b30,scen2,prematuremort,302.5207,-18.1065
111,East Harlem,b30,scen2,prematuremort,325.7217,-25.6311
112,Washington Heights and Inwood,b30,scen2,prematuremort,190.6364,-18.272
201,Mott Haven and Melrose,b30,scen2,prematuremort,314.3584,-35.1464
202,Hunts Point and Longwood,b30,scen2,prematuremort,314.3584,-35.1464
203,Morrisania and Crotona,b30,scen2,prematuremort,365.0204,-22.0563
204,Highbridge and Concourse,b30,scen2,prematuremort,314.2906,-26.5647
205,Fordham and University Heights,b30,scen2,prematuremort,369.0726,-41.9705
206,Belmont and East Tremont,b30,scen2,prematuremort,365.0204,-22.0563
207,Kingsbridge Heights and Bedford,b30,scen2,prematuremort,256.3878,-41.5181
208,Riverdale and Fieldston,b30,scen2,prematuremort,198.3464,-25.6249
209,Parkchester and Soundview,b30,scen2,prematuremort,298.5716,-40.9674
210,Throgs Neck and Co-op City,b30,scen2,prematuremort,221.0709,-18.7938
211,Morris Park and Bronxdale,b30,scen2,prematuremort,225.607,-19.1451
212,Williamsbridge and Baychester,b30,scen2,prematuremort,282.9707,-28.109
301,Greenpoint and Williamsburg,b30,scen2,prematuremort,136.8544,-11.0772
302,Fort Greene and Brooklyn Heights,b30,scen2,prematuremort,126.7246,-7.0166
303,Bedford Stuyvesant,b30,scen2,prematuremort,261.4076,-15.9973
304,Bushwick,b30,scen2,prematuremort,155.4399,-22.138
305,East New York and Starrett City,b30,scen2,prematuremort,303.0484,-39.2325
306,Park Slope and Carroll Gardens,b30,scen2,prematuremort,115.7371,-5.0061
307,Sunset Park,b30,scen2,prematuremort,131.895,-26.1227
308,Crown Heights and Prospect Heights,b30,scen2,prematuremort,235.5583,-12.9723
309,South Crown Heights and Lefferts Gardens,b30,scen2,prematuremort,233.7938,-17.8705
310,Bay Ridge and Dyker Heights,b30,scen2,prematuremort,132.2345,-15.9189
311,Bensonhurst,b30,scen2,prematuremort,149.4018,-35.0048
312,Borough Park,b30,scen2,prematuremort,226.9665,-23.1787
313,Coney Island,b30,scen2,prematuremort,180.7856,-25.2209
314,Flatbush and Midwood,b30,scen2,prematuremort,151.1192,-20.4548
315,Sheepshead Bay,b30,scen2,prematuremort,123.3742,-27.591
316,Brownsville,b30,scen2,prematuremort,406.7808,-16.0369
317,East Flatbush,b30,scen2,prematuremort,268.8745,-27.665
318,Flatlands and Canarsie,b30,scen2,prematuremort,229.6345,-14.9689
401,Long Island City and Astoria,b30,scen2,prematuremort,114.7488,-16.8495
402,Woodside and Sunnyside,b30,scen2,prematuremort,50.96601,-22.78354
403,Jackson Heights,b30,scen2,prematuremort,134.1439,-37.0123
404,Elmhurst and Corona,b30,scen2,prematuremort,124.6626,-23.4024
405,Ridgewood and Maspeth,b30,scen2,prematuremort,144.6097,-13.973
406,Rego Park and Forest Hills,b30,scen2,prematuremort,100.3884,-5.9264
407,Flushing and Whitestone,b30,scen2,prematuremort,129.1909,-33.6051
408,Hillcrest and Fresh Meadows,b30,scen2,prematuremort,148.2802,-33.0369
409,Kew Gardens and Woodhaven,b30,scen2,prematuremort,101.0416,-28.972
410,South Ozone Park and Howard Beach,b30,scen2,prematuremort,157.3743,-27.1837
411,Bayside and Little Neck,b30,scen2,prematuremort,82.2448,-8.21122
412,Jamaica and Hollis,b30,scen2,prematuremort,217.4333,-16.4005
413,Queens Village,b30,scen2,prematuremort,191.1597,-20.3311
414,Rockaway and Broad Channel,b30,scen2,prematuremort,284.3976,-35.8524
501,St. George and Stapleton,b30,scen2,prematuremort,270.7463,-14.8824
502,South Beach and Willowbrook,b30,scen2,prematuremort,146.1208,-10.0268
503,Tottenville and Great Kills,b30,scen2,prematuremort,149.128,-14.3324
101,Financial District,b30,scen3,poverty,15.86703,0.59013
102,Greenwich Village and Soho,b30,scen3,poverty,15.86703,0.59013
103,Lower East Side and Chinatown,b30,scen3,poverty,38.44466,-2.86163
104,Clinton and Chelsea,b30,scen3,poverty,18.44921,0.3488
105,Midtown,b30,scen3,poverty,16.25315,1.40942
106,Stuyvesant Town and Turtle Bay,b30,scen3,poverty,16.25315,1.40942
107,Upper West Side,b30,scen3,poverty,18.41738,0.11089
108,Upper East Side,b30,scen3,poverty,9.03799,1.36789
109,Morningside Heights and Hamilton Heights,b30,scen3,poverty,46.4065,-1.35042
110,Central Harlem,b30,scen3,poverty,36.32028,-4.07059
111,East Harlem,b30,scen3,poverty,52.1986,-4.06633
112,Washington Heights and Inwood,b30,scen3,poverty,28.28016,-2.98738
201,Mott Haven and Melrose,b30,scen3,poverty,53.41483,-7.21073
202,Hunts Point and Longwood,b30,scen3,poverty,53.41483,-7.21073
203,Morrisania and Crotona,b30,scen3,poverty,60.7644,-1.9382
204,Highbridge and Concourse,b30,scen3,poverty,48.9489,-4.36221
205,Fordham and University Heights,b30,scen3,poverty,54.15434,-6.14634
206,Belmont and East Tremont,b30,scen3,poverty,60.7644,-1.9382
207,Kingsbridge Heights and Bedford,b30,scen3,poverty,45.91827,-7.10112
208,Riverdale and Fieldston,b30,scen3,poverty,29.9745,-1.26088
209,Parkchester and Soundview,b30,scen3,poverty,51.19469,-4.7039
210,Throgs Neck and Co-op City,b30,scen3,poverty,24.53589,-4.03514
211,Morris Park and Bronxdale,b30,scen3,poverty,33.1258,-1.743
212,Williamsbridge and Baychester,b30,scen3,poverty,31.16449,-4.66107
301,Greenpoint and Williamsburg,b30,scen3,poverty,25.64507,-2.61078
302,Fort Greene and Brooklyn Heights,b30,scen3,poverty,20.02409,0.20897
303,Bedford Stuyvesant,b30,scen3,poverty,35.33216,-1.03107
304,Bushwick,b30,scen3,poverty,23.64183,-4.92875
305,East New York and Starrett City,b30,scen3,poverty,34.68729,-6.43227
306,Park Slope and Carroll Gardens,b30,scen3,poverty,15.51163,0.28458
307,Sunset Park,b30,scen3,poverty,29.17389,-2.24492
308,Crown Heights and Prospect Heights,b30,scen3,poverty,27.20689,-0.87127
309,South Crown Heights and Lefferts Gardens,b30,scen3,poverty,29.62142,-0.0274
310,Bay Ridge and Dyker Heights,b30,scen3,poverty,24.94748,-1.52553
311,Bensonhurst,b30,scen3,poverty,32.51741,-5.81534
312,Borough Park,b30,scen3,poverty,47.22812,-3.32603
313,Coney Island,b30,scen3,poverty,33.09463,-3.1122
314,Flatbush and Midwood,b30,scen3,poverty,26.79548,-0.78407
315,Sheepshead Bay,b30,scen3,poverty,28.02499,-4.8057
316,Brownsville,b30,scen3,poverty,51.6598,-2.9325
317,East Flatbush,b30,scen3,poverty,32.0045,-3.62574
318,Flatlands and Canarsie,b30,scen3,poverty,22.56394,0.0606
401,Long Island City and Astoria,b30,scen3,poverty,24.83159,-0.8281
402,Woodside and Sunnyside,b30,scen3,poverty,21.87464,-0.02446
403,Jackson Heights,b30,scen3,poverty,34.08106,-4.31686
404,Elmhurst and Corona,b30,scen3,poverty,33.60825,-0.27979
405,Ridgewood and Maspeth,b30,scen3,poverty,22.40278,0.09702
406,Rego Park and Forest Hills,b30,scen3,poverty,19.06906,-0.19481
407,Flushing and Whitestone,b30,scen3,poverty,31.7322,-5.63037
408,Hillcrest and Fresh Meadows,b30,scen3,poverty,31.22338,-6.34955
409,Kew Gardens and Woodhaven,b30,scen3,poverty,24.83312,0.8703
410,South Ozone Park and Howard Beach,b30,scen3,poverty,27.5174,-3.67167
411,Bayside and Little Neck,b30,scen3,poverty,19.20609,1.23588
412,Jamaica and Hollis,b30,scen3,poverty,29.1108,0.38385
413,Queens Village,b30,scen3,poverty,17.43865,-0.68973
414,Rockaway and Broad Channel,b30,scen3,poverty,34.30104,-6.22929
501,St. George and Stapleton,b30,scen3,poverty,35.84137,-2.31484
502,South Beach and Willowbrook,b30,scen3,poverty,16.28296,-2.04969
503,Tottenville and Great Kills,b30,scen3,poverty,17.11011,-0.10166
101,Financial District,b30,scen3,prematuremort,105.4825,2.0776
102,Greenwich Village and Soho,b30,scen3,prematuremort,105.4825,2.0776
103,Lower East Side and Chinatown,b30,scen3,prematuremort,193.3533,-10.0747
104,Clinton and Chelsea,b30,scen3,prematuremort,87.9541,1.228
105,Midtown,b30,scen3,prematuremort,74.9986,4.96203
106,Stuyvesant Town and Turtle Bay,b30,scen3,prematuremort,74.9986,4.96203
107,Upper West Side,b30,scen3,prematuremort,143.0941,0.3904
108,Upper East Side,b30,scen3,prematuremort,102.8744,4.81584
109,Morningside Heights and Hamilton Heights,b30,scen3,prematuremort,239.4934,-4.7543
110,Central Harlem,b30,scen3,prematuremort,306.2962,-14.331
111,East Harlem,b30,scen3,prematuremort,337.0368,-14.316
112,Washington Heights and Inwood,b30,scen3,prematuremort,198.391,-10.5174
201,Mott Haven and Melrose,b30,scen3,prematuremort,324.1185,-25.3863
202,Hunts Point and Longwood,b30,scen3,prematuremort,324.1185,-25.3863
203,Morrisania and Crotona,b30,scen3,prematuremort,380.2531,-6.8236
204,Highbridge and Concourse,b30,scen3,prematuremort,325.4976,-15.3577
205,Fordham and University Heights,b30,scen3,prematuremort,389.4042,-21.6389
206,Belmont and East Tremont,b30,scen3,prematuremort,380.2531,-6.8236
207,Kingsbridge Heights and Bedford,b30,scen3,prematuremort,272.9055,-25.0004
208,Riverdale and Fieldston,b30,scen3,prematuremort,219.5322,-4.4391
209,Parkchester and Soundview,b30,scen3,prematuremort,322.9783,-16.5607
210,Throgs Neck and Co-op City,b30,scen3,prematuremort,225.6585,-14.2062
211,Morris Park and Bronxdale,b30,scen3,prematuremort,238.6156,-6.1365
212,Williamsbridge and Baychester,b30,scen3,prematuremort,294.6698,-16.4099
301,Greenpoint and Williamsburg,b30,scen3,prematuremort,138.74,-9.1916
302,Fort Greene and Brooklyn Heights,b30,scen3,prematuremort,134.4769,0.7357
303,Bedford Stuyvesant,b30,scen3,prematuremort,273.7749,-3.63
304,Bushwick,b30,scen3,prematuremort,160.2257,-17.3522
305,East New York and Starrett City,b30,scen3,prematuremort,319.6353,-22.6456
306,Park Slope and Carroll Gardens,b30,scen3,prematuremort,121.7451,1.0019
307,Sunset Park,b30,scen3,prematuremort,150.1142,-7.9035
308,Crown Heights and Prospect Heights,b30,scen3,prematuremort,245.4632,-3.0674
309,South Crown Heights and Lefferts Gardens,b30,scen3,prematuremort,251.5679,-0.0964
310,Bay Ridge and Dyker Heights,b30,scen3,prematuremort,142.7826,-5.3708
311,Bensonhurst,b30,scen3,prematuremort,163.933,-20.4736
312,Borough Park,b30,scen3,prematuremort,238.4355,-11.7097
313,Coney Island,b30,scen3,prematuremort,195.0496,-10.9569
314,Flatbush and Midwood,b30,scen3,prematuremort,168.8136,-2.7604
315,Sheepshead Bay,b30,scen3,prematuremort,134.0462,-16.919
316,Brownsville,b30,scen3,prematuremort,412.4935,-10.3242
317,East Flatbush,b30,scen3,prematuremort,283.7746,-12.7649
318,Flatlands and Canarsie,b30,scen3,prematuremort,244.8167,0.2133
401,Long Island City and Astoria,b30,scen3,prematuremort,128.6828,-2.9155
402,Woodside and Sunnyside,b30,scen3,prematuremort,73.66344,-0.08611
403,Jackson Heights,b30,scen3,prematuremort,155.9582,-15.198
404,Elmhurst and Corona,b30,scen3,prematuremort,147.08,-0.985
405,Ridgewood and Maspeth,b30,scen3,prematuremort,158.9243,0.3416
406,Rego Park and Forest Hills,b30,scen3,prematuremort,105.6289,-0.6859
407,Flushing and Whitestone,b30,scen3,prematuremort,142.9736,-19.8224
408,Hillcrest and Fresh Meadows,b30,scen3,prematuremort,158.9628,-22.3543
409,Kew Gardens and Woodhaven,b30,scen3,prematuremort,133.0776,3.064
410,South Ozone Park and Howard Beach,b30,scen3,prematuremort,171.6314,-12.9266
411,Bayside and Little Neck,b30,scen3,prematuremort,94.80707,4.35105
412,Jamaica and Hollis,b30,scen3,prematuremort,235.1852,1.3514
413,Queens Village,b30,scen3,prematuremort,209.0625,-2.4283
414,Rockaway and Broad Channel,b30,scen3,prematuremort,298.3191,-21.9309
501,St. George and Stapleton,b30,scen3,prematuremort,277.479,-8.1497
502,South Beach and Willowbrook,b30,scen3,prematuremort,148.9315,-7.2161
503,Tottenville and Great Kills,b30,scen3,prematuremort,163.1025,-0.3579